delete from rent_payments; delete from tenant_leases; delete from tenants; delete from leases; delete from images; delete from expenses; delete from expense_types;delete from units; delete from properties;


insert into tenants (id, first_name, last_name) values ('951cf23f-e95f-4a84-a142-9db89760b7b0','Lisa','Cerretta');
insert into tenants (id, first_name, last_name) values ('e1ca91df-8cbd-4150-8c18-875730832a27','Imani','Hudson');
insert into tenants (id, first_name, last_name) values ('1a5c3711-9a44-401e-bc1d-7b37f536e0a3','Tiffany','Rodriguez');
insert into tenants (id, first_name, last_name) values ('add1c9a5-879b-4ef4-844b-35534452bf32','Sidiqi','Family');
insert into tenants (id, first_name, last_name) values ('662e8c05-e693-4d01-b571-080e39efd9b5','Jessica','Conde');
insert into tenants (id, first_name, last_name) values ('13dfc6d0-f28e-437f-84cd-0a97b86beebd','Rudy','Conde');
insert into tenants (id, first_name, last_name) values ('f6bd417d-cc56-4b1e-af4f-ffe28f98ff49','Alyssa','Ralston');
insert into tenants (id, first_name, last_name) values ('42ad3b6e-2cb6-4c30-99fc-ce5db153f963','Geraldine','Morrison');
insert into tenants (id, first_name, last_name) values ('b8cc62f4-f18a-4e07-9a04-22a947074795','Josiah','Ferriera');
insert into tenants (id, first_name, last_name) values ('de2e8ede-7278-44f2-997e-d7ab6187d3d5','Gianna','Marranca');
insert into tenants (id, first_name, last_name) values ('42ce32a6-dc33-4085-818c-069ab7952e35','Juliana','Mizenko');
insert into tenants (id, first_name, last_name) values ('3c0d6f16-e0ff-428c-b127-cb767901bc0d','Gene Paul','Parry');
insert into tenants (id, first_name, last_name) values ('dcc3e557-41d0-403d-8d7e-3208e215c114','Managed','BadData');
insert into properties (id, name, deleted) values('10a3fd1f-7a26-4ec5-9e13-5837eb74d9af', 'Jenkins', false), ('f6e2bc56-d5bf-43eb-baf4-1ce4e9b453c7', 'Lagrange', true);
insert into units (id, property_id, name) values('25406072-395f-4f40-907c-3765f92b53c8', '10a3fd1f-7a26-4ec5-9e13-5837eb74d9af', '48'), ('da3593d8-6bba-430b-9812-dd70af8edf21', '10a3fd1f-7a26-4ec5-9e13-5837eb74d9af', '50'),('86dd6249-9214-484d-8265-d6602eec6c39', 'f6e2bc56-d5bf-43eb-baf4-1ce4e9b453c7', 'Main'),('94bf8020-4c22-482c-a935-795d68b40121', 'f6e2bc56-d5bf-43eb-baf4-1ce4e9b453c7', 'Rear');
insert into leases (id, balance, current, start_date, created_at, unit_id, rent) values ('8adac379-853f-4b0c-a84f-031eec46538f', 0, false, CURRENT_TIMESTAMP, CURRENT_TIMESTAMP, '25406072-395f-4f40-907c-3765f92b53c8', '670.0');
insert into tenant_leases (id, tenant_id, lease_id) values ('24e8466e-2e52-4ce9-b05b-19b482df6659', '1a5c3711-9a44-401e-bc1d-7b37f536e0a3', '8adac379-853f-4b0c-a84f-031eec46538f');
insert into leases (id, balance, current, start_date, created_at, unit_id, rent) values ('f72af528-8818-4353-a562-205db3bdb648', 0, false, CURRENT_TIMESTAMP, CURRENT_TIMESTAMP, '86dd6249-9214-484d-8265-d6602eec6c39', '1050.0');
insert into tenant_leases (id, tenant_id, lease_id) values ('d64d8cea-6bc9-4bf1-a3c6-2e517ac6720c', 'add1c9a5-879b-4ef4-844b-35534452bf32', 'f72af528-8818-4353-a562-205db3bdb648');
insert into leases (id, balance, current, start_date, created_at, unit_id, rent) values ('887ebaf5-8dce-45c1-9479-d002a202ad77', 0, false, CURRENT_TIMESTAMP, CURRENT_TIMESTAMP, '86dd6249-9214-484d-8265-d6602eec6c39', '1200.0');
insert into tenant_leases (id, tenant_id, lease_id) values ('e9de49db-9e6d-4af6-80ac-efb1d437cdc9', 'b8cc62f4-f18a-4e07-9a04-22a947074795', '887ebaf5-8dce-45c1-9479-d002a202ad77');
insert into leases (id, balance, current, start_date, created_at, unit_id, rent) values ('6d319a3a-9c24-4f39-a518-f370c1960561', 0, false, CURRENT_TIMESTAMP, CURRENT_TIMESTAMP, 'da3593d8-6bba-430b-9812-dd70af8edf21', '1200.0');
insert into tenant_leases (id, tenant_id, lease_id) values ('83ba8b32-bb2a-4ce8-92ad-00329d778773', '42ad3b6e-2cb6-4c30-99fc-ce5db153f963', '6d319a3a-9c24-4f39-a518-f370c1960561');
insert into leases (id, balance, current, start_date, created_at, unit_id, rent) values ('168691a5-45b1-4282-be5e-3120410c2d41', 0, false, CURRENT_TIMESTAMP, CURRENT_TIMESTAMP, '86dd6249-9214-484d-8265-d6602eec6c39', '1200.0');
insert into tenant_leases (id, tenant_id, lease_id) values ('0875df6b-a0bf-4f4e-989c-9ddec6667036', 'dcc3e557-41d0-403d-8d7e-3208e215c114', '168691a5-45b1-4282-be5e-3120410c2d41');
insert into leases (id, balance, current, start_date, created_at, unit_id, rent) values ('e027a20e-7f3d-4537-8fd8-edd0347ef0d9', 0, false, CURRENT_TIMESTAMP, CURRENT_TIMESTAMP, '94bf8020-4c22-482c-a935-795d68b40121', '640.0');
insert into tenant_leases (id, tenant_id, lease_id) values ('7d35523f-8961-469e-9d43-d65f99b01f58', 'de2e8ede-7278-44f2-997e-d7ab6187d3d5', 'e027a20e-7f3d-4537-8fd8-edd0347ef0d9');
insert into leases (id, balance, current, start_date, created_at, unit_id, rent) values ('333d1230-0fa1-4379-ad6f-0cb565990e18', 0, false, CURRENT_TIMESTAMP, CURRENT_TIMESTAMP, '94bf8020-4c22-482c-a935-795d68b40121', '1200.0');
insert into tenant_leases (id, tenant_id, lease_id) values ('ac7d4ad2-d29d-47c3-a186-7fb8eb94206a', 'de2e8ede-7278-44f2-997e-d7ab6187d3d5', '333d1230-0fa1-4379-ad6f-0cb565990e18');
insert into leases (id, balance, current, start_date, created_at, unit_id, rent) values ('c8421740-d84f-4930-b311-9037a3f5e013', 0, false, CURRENT_TIMESTAMP, CURRENT_TIMESTAMP, '94bf8020-4c22-482c-a935-795d68b40121', '1200.0');
insert into tenant_leases (id, tenant_id, lease_id) values ('746b7c41-d8a3-4f39-aeb1-3f91d9c8f1a8', 'de2e8ede-7278-44f2-997e-d7ab6187d3d5', 'c8421740-d84f-4930-b311-9037a3f5e013');
insert into leases (id, balance, current, start_date, created_at, unit_id, rent) values ('74ecdc60-d81d-4894-a264-d329f44310ce', 0, false, '2021-11-23T13:17:04.045Z', '2021-11-23T13:17:04.045Z', 'da3593d8-6bba-430b-9812-dd70af8edf21', '1100.0');
insert into tenant_leases (id, tenant_id, lease_id) values ('5397a5cb-44d9-4170-860e-9cb9add3b41f', '662e8c05-e693-4d01-b571-080e39efd9b5', '74ecdc60-d81d-4894-a264-d329f44310ce');
insert into tenant_leases (id, tenant_id, lease_id) values ('de5dcb5b-f044-443b-91ef-a984142213c2', '13dfc6d0-f28e-437f-84cd-0a97b86beebd', '74ecdc60-d81d-4894-a264-d329f44310ce');
insert into leases (id, balance, current, start_date, created_at, unit_id, rent) values ('bab77334-4712-4dab-b9aa-50b779507a71', 0, false, '2024-05-23T12:38:02.128249Z', '2024-05-23T12:38:02.128249Z', 'da3593d8-6bba-430b-9812-dd70af8edf21', '1145.0');
insert into tenant_leases (id, tenant_id, lease_id) values ('7486a104-e19e-4df7-92da-e06660fe0a31', '951cf23f-e95f-4a84-a142-9db89760b7b0', 'bab77334-4712-4dab-b9aa-50b779507a71');
insert into leases (id, balance, current, start_date, created_at, unit_id, rent) values ('c4749daa-8f28-49ca-a069-94fbc91e37b2', 0, false, CURRENT_TIMESTAMP, CURRENT_TIMESTAMP, '94bf8020-4c22-482c-a935-795d68b40121', '1200.0');
insert into tenant_leases (id, tenant_id, lease_id) values ('49038c1f-9b3e-4e1a-b9e3-5e69a500b654', 'de2e8ede-7278-44f2-997e-d7ab6187d3d5', 'c4749daa-8f28-49ca-a069-94fbc91e37b2');
insert into leases (id, balance, current, start_date, created_at, unit_id, rent) values ('108a5366-b472-4c1b-80ac-51672b8ac086', 0, false, CURRENT_TIMESTAMP, CURRENT_TIMESTAMP, '94bf8020-4c22-482c-a935-795d68b40121', '800.0');
insert into tenant_leases (id, tenant_id, lease_id) values ('348deaed-de00-4311-931a-695453cdae9e', 'e1ca91df-8cbd-4150-8c18-875730832a27', '108a5366-b472-4c1b-80ac-51672b8ac086');
insert into leases (id, balance, current, start_date, created_at, unit_id, rent) values ('7ffbb749-f876-459e-a15a-d7282e660325', 0, false, '2023-02-26T15:23:31.972567Z', '2023-02-26T15:23:31.972567Z', 'da3593d8-6bba-430b-9812-dd70af8edf21', '1130.0');
insert into tenant_leases (id, tenant_id, lease_id) values ('9a22e761-dd43-438c-b059-4f7b8021378b', '42ce32a6-dc33-4085-818c-069ab7952e35', '7ffbb749-f876-459e-a15a-d7282e660325');
insert into tenant_leases (id, tenant_id, lease_id) values ('426214fd-8634-4c57-8116-4e4cfbadb73c', '3c0d6f16-e0ff-428c-b127-cb767901bc0d', '7ffbb749-f876-459e-a15a-d7282e660325');
insert into leases (id, balance, current, start_date, created_at, unit_id, rent) values ('9aad1cb0-3542-44e2-877f-efae1c35aa6e', 0, false, '2021-10-27T12:46:29.997Z', '2021-10-27T12:46:29.997Z', '25406072-395f-4f40-907c-3765f92b53c8', '880.0');
insert into tenant_leases (id, tenant_id, lease_id) values ('1043b045-f8d8-4860-8dfc-f74415c6c8c3', 'f6bd417d-cc56-4b1e-af4f-ffe28f98ff49', '9aad1cb0-3542-44e2-877f-efae1c35aa6e');
insert into rent_payments (id, amount, received_on, due_on, note, lease_id) values ('d4b85f82-b8f2-4455-930c-00aef7e203fc','670.0','2021-01-01','2021-01-01','started cozy','8adac379-853f-4b0c-a84f-031eec46538f');
insert into rent_payments (id, amount, received_on, due_on, note, lease_id) values ('16256c23-c872-412c-baf2-fcb2284d1157','640.0','2021-01-07','2021-01-07','','108a5366-b472-4c1b-80ac-51672b8ac086');
insert into rent_payments (id, amount, received_on, due_on, note, lease_id) values ('c62996f1-cc5c-441b-8045-54d3211e7515','1200.0','2021-01-01','2021-01-01','managed','6d319a3a-9c24-4f39-a518-f370c1960561');
insert into rent_payments (id, amount, received_on, due_on, note, lease_id) values ('c2dc3538-cff8-4029-93ad-a59a5ff8f1b7','1200.0','2021-01-01','2021-01-01','','168691a5-45b1-4282-be5e-3120410c2d41');
insert into rent_payments (id, amount, received_on, due_on, note, lease_id) values ('7bb2b3bb-4032-4e0e-962e-f315aeaaade0','600.0','2021-03-01','2021-03-01','only half','6d319a3a-9c24-4f39-a518-f370c1960561');
insert into rent_payments (id, amount, received_on, due_on, note, lease_id) values ('8249ed29-ce2d-46fa-b8f3-33c9080b8981','670.0','2021-04-01','2021-04-01','','8adac379-853f-4b0c-a84f-031eec46538f');
insert into rent_payments (id, amount, received_on, due_on, note, lease_id) values ('ba20470c-4067-4024-a69f-dca0ce09fcdc','640.0','2021-04-01','2021-04-01','','108a5366-b472-4c1b-80ac-51672b8ac086');
insert into rent_payments (id, amount, received_on, due_on, note, lease_id) values ('9ded7b77-f4ed-41b0-9a5b-f4c3b4558151','900.0','2021-04-17','2021-04-17','partial','6d319a3a-9c24-4f39-a518-f370c1960561');
insert into rent_payments (id, amount, received_on, due_on, note, lease_id) values ('1d95c17e-cdf3-432e-bd87-e43bc51dac6e','640.0','2020-12-01','2020-12-01','','108a5366-b472-4c1b-80ac-51672b8ac086');
insert into rent_payments (id, amount, received_on, due_on, note, lease_id) values ('dffebbe7-c5ca-468c-9e0d-2e989c716138','670.0','2021-02-01','2021-02-01','','8adac379-853f-4b0c-a84f-031eec46538f');
insert into rent_payments (id, amount, received_on, due_on, note, lease_id) values ('1a916d90-6fc2-403c-b36d-2eea30ccecf6','640.0','2021-02-01','2021-02-01','','108a5366-b472-4c1b-80ac-51672b8ac086');
insert into rent_payments (id, amount, received_on, due_on, note, lease_id) values ('36a62177-2516-468e-87de-18263b8c6c08','573.0','2018-04-01','2018-04-01',null,'8adac379-853f-4b0c-a84f-031eec46538f');
insert into rent_payments (id, amount, received_on, due_on, note, lease_id) values ('24597138-3b5f-492d-badd-42c486adc78d','660.0','2018-05-05','2018-05-05',null,'8adac379-853f-4b0c-a84f-031eec46538f');
insert into rent_payments (id, amount, received_on, due_on, note, lease_id) values ('fec8c637-7316-452a-a10e-f8faaf2e16e2','660.0','2018-06-01','2018-06-01',null,'8adac379-853f-4b0c-a84f-031eec46538f');
insert into rent_payments (id, amount, received_on, due_on, note, lease_id) values ('edca265f-3591-4edc-bb05-06f6326b7861','660.0','2018-07-05','2018-07-05',null,'8adac379-853f-4b0c-a84f-031eec46538f');
insert into rent_payments (id, amount, received_on, due_on, note, lease_id) values ('cd096a09-1a9f-4c28-8441-819ed76fc7da','660.0','2018-08-01','2018-08-01',null,'8adac379-853f-4b0c-a84f-031eec46538f');
insert into rent_payments (id, amount, received_on, due_on, note, lease_id) values ('af298052-0c58-4dd7-b77c-1ba743dd5ddb','660.0','2018-11-05','2018-11-05',null,'8adac379-853f-4b0c-a84f-031eec46538f');
insert into rent_payments (id, amount, received_on, due_on, note, lease_id) values ('2c05637f-20a9-40d7-bbd7-1d86ff721d9a','660.0','2018-10-01','2018-10-01',null,'8adac379-853f-4b0c-a84f-031eec46538f');
insert into rent_payments (id, amount, received_on, due_on, note, lease_id) values ('1666535b-9bbe-4429-8a2d-c8c1ec8ac1a6','277.0','2018-11-17','2018-11-17',null,'108a5366-b472-4c1b-80ac-51672b8ac086');
insert into rent_payments (id, amount, received_on, due_on, note, lease_id) values ('24daed96-185e-4f1c-8a43-09a3e6b76a5a','660.0','2018-12-02','2018-12-02',null,'8adac379-853f-4b0c-a84f-031eec46538f');
insert into rent_payments (id, amount, received_on, due_on, note, lease_id) values ('480c9cdd-6f85-43a7-bc3f-38d08716acec','660.0','2019-01-01','2019-01-01',null,'8adac379-853f-4b0c-a84f-031eec46538f');
insert into rent_payments (id, amount, received_on, due_on, note, lease_id) values ('8397e067-3817-4dc0-a136-54159ec58dfc','640.0','2019-01-01','2019-01-01',null,'108a5366-b472-4c1b-80ac-51672b8ac086');
insert into rent_payments (id, amount, received_on, due_on, note, lease_id) values ('9710a1a1-7493-4d3a-b1a9-9c5f8c01940e','660.0','2019-02-01','2019-02-01',null,'8adac379-853f-4b0c-a84f-031eec46538f');
insert into rent_payments (id, amount, received_on, due_on, note, lease_id) values ('1c2cbad4-49cb-414d-abd8-5a907bbdc964','660.0','2019-03-01','2019-03-01',null,'8adac379-853f-4b0c-a84f-031eec46538f');
insert into rent_payments (id, amount, received_on, due_on, note, lease_id) values ('8cf17663-e280-4067-acc1-38bbdda8f7a6','640.0','2019-03-01','2019-03-01',null,'108a5366-b472-4c1b-80ac-51672b8ac086');
insert into rent_payments (id, amount, received_on, due_on, note, lease_id) values ('ccaa9b52-d3a6-42a2-824b-db5adeda40c4','640.0','2019-04-01','2019-04-01',null,'108a5366-b472-4c1b-80ac-51672b8ac086');
insert into rent_payments (id, amount, received_on, due_on, note, lease_id) values ('1b20bdcd-fbae-44e2-8085-6d3e98154165','660.0','2019-04-01','2019-04-01',null,'108a5366-b472-4c1b-80ac-51672b8ac086');
insert into rent_payments (id, amount, received_on, due_on, note, lease_id) values ('fb5e7930-fd20-4650-8b88-d22893d3cfdd','640.0','2019-05-01','2019-05-01',null,'108a5366-b472-4c1b-80ac-51672b8ac086');
insert into rent_payments (id, amount, received_on, due_on, note, lease_id) values ('4ea41834-dc6b-4f5f-bc29-e18779b6edea','660.0','2019-05-01','2019-05-01',null,'8adac379-853f-4b0c-a84f-031eec46538f');
insert into rent_payments (id, amount, received_on, due_on, note, lease_id) values ('d1e6b98a-0217-4703-9aaa-a999acf79d9f','670.0','2019-06-01','2019-06-01',null,'8adac379-853f-4b0c-a84f-031eec46538f');
insert into rent_payments (id, amount, received_on, due_on, note, lease_id) values ('79bd5760-bdcb-4f9d-8875-fc024add8ddf','640.0','2019-06-01','2019-06-01',null,'108a5366-b472-4c1b-80ac-51672b8ac086');
insert into rent_payments (id, amount, received_on, due_on, note, lease_id) values ('40d1c3e9-1c47-4b34-ba34-c5b9bba08681','670.0','2019-07-01','2019-07-01',null,'8adac379-853f-4b0c-a84f-031eec46538f');
insert into rent_payments (id, amount, received_on, due_on, note, lease_id) values ('b458639e-463e-4486-98c1-58c979bfe6f2','640.0','2019-07-01','2019-07-01',null,'108a5366-b472-4c1b-80ac-51672b8ac086');
insert into rent_payments (id, amount, received_on, due_on, note, lease_id) values ('22fb3088-2b5d-4070-81c0-fdf89ffa3dad','670.0','2019-08-01','2019-08-01',null,'8adac379-853f-4b0c-a84f-031eec46538f');
insert into rent_payments (id, amount, received_on, due_on, note, lease_id) values ('a10bb6b8-d04e-48c3-b7c3-621e3d0c308f','640.0','2019-08-01','2019-08-01',null,'108a5366-b472-4c1b-80ac-51672b8ac086');
insert into rent_payments (id, amount, received_on, due_on, note, lease_id) values ('17ac8e1a-302f-43e5-a186-b6d60b7f4c3d','670.0','2019-09-04','2019-09-04',null,'8adac379-853f-4b0c-a84f-031eec46538f');
insert into rent_payments (id, amount, received_on, due_on, note, lease_id) values ('fc83d057-b9fa-40e6-a10d-dc426ab81c57','640.0','2019-09-01','2019-09-01',null,'108a5366-b472-4c1b-80ac-51672b8ac086');
insert into rent_payments (id, amount, received_on, due_on, note, lease_id) values ('954f29a4-c665-4caa-8763-e88a6a6de814','670.0','2019-10-01','2019-10-01','','8adac379-853f-4b0c-a84f-031eec46538f');
insert into rent_payments (id, amount, received_on, due_on, note, lease_id) values ('2bb00b03-d5f8-40aa-bc65-4cbb2af2cdab','640.0','2019-10-01','2019-10-01','','108a5366-b472-4c1b-80ac-51672b8ac086');
insert into rent_payments (id, amount, received_on, due_on, note, lease_id) values ('63b0b254-bc2d-41fc-9c01-085d7444fcf5','788.38','2019-10-04','2019-10-04','prorated first month','f72af528-8818-4353-a562-205db3bdb648');
insert into rent_payments (id, amount, received_on, due_on, note, lease_id) values ('fcc6e1ea-b239-4c4e-8133-a36d96ab7ff0','670.0','2019-11-01','2019-11-01','','8adac379-853f-4b0c-a84f-031eec46538f');
insert into rent_payments (id, amount, received_on, due_on, note, lease_id) values ('2033394f-f177-4036-b740-972e3c6f47f9','1050.0','2019-11-01','2019-11-01','','f72af528-8818-4353-a562-205db3bdb648');
insert into rent_payments (id, amount, received_on, due_on, note, lease_id) values ('4d13f8bf-f6e9-4665-a7a7-418d9a83f9c6','640.0','2019-11-01','2019-11-01','','108a5366-b472-4c1b-80ac-51672b8ac086');
insert into rent_payments (id, amount, received_on, due_on, note, lease_id) values ('9033bafd-340a-4aba-9c43-fb384290a2db','1050.0','2019-12-05','2019-12-05','little late','f72af528-8818-4353-a562-205db3bdb648');
insert into rent_payments (id, amount, received_on, due_on, note, lease_id) values ('90e3bbdf-5c91-43bf-a2c1-44bf6bf9832e','640.0','2019-12-01','2019-12-01','','108a5366-b472-4c1b-80ac-51672b8ac086');
insert into rent_payments (id, amount, received_on, due_on, note, lease_id) values ('27d55d1a-f8de-4ca8-98b4-5f9201c25c55','670.0','2019-12-05','2019-12-05','','8adac379-853f-4b0c-a84f-031eec46538f');
insert into rent_payments (id, amount, received_on, due_on, note, lease_id) values ('17467eef-f361-4d42-becc-639ac523816e','1020.0','2020-01-01','2020-01-01','discount for sewer','f72af528-8818-4353-a562-205db3bdb648');
insert into rent_payments (id, amount, received_on, due_on, note, lease_id) values ('e26f9747-810c-4fe7-a293-e9e863aa6291','640.0','2020-01-01','2020-01-01','','108a5366-b472-4c1b-80ac-51672b8ac086');
insert into rent_payments (id, amount, received_on, due_on, note, lease_id) values ('e4b3f405-368d-4987-b6ba-8d776a1b1817','1000.0','2020-02-01','2020-02-01','owes 20 more','f72af528-8818-4353-a562-205db3bdb648');
insert into rent_payments (id, amount, received_on, due_on, note, lease_id) values ('7edbe410-2ab0-4be8-a80d-74adf2b76c96','670.0','2020-01-01','2020-01-01','','8adac379-853f-4b0c-a84f-031eec46538f');
insert into rent_payments (id, amount, received_on, due_on, note, lease_id) values ('abe7b5d9-cc46-46ce-9a93-e2141e1a63ea','670.0','2020-02-01','2020-02-01','took check to the bank, no image','8adac379-853f-4b0c-a84f-031eec46538f');
insert into rent_payments (id, amount, received_on, due_on, note, lease_id) values ('04c80393-96ef-496d-9311-e78ce51aba71','640.0','2020-02-07','2020-02-07','','108a5366-b472-4c1b-80ac-51672b8ac086');
insert into rent_payments (id, amount, received_on, due_on, note, lease_id) values ('8ec25f08-7a79-4fe3-aebd-2df2ebdc3822','1020.0','2020-03-01','2020-03-01','with sewer discount','f72af528-8818-4353-a562-205db3bdb648');
insert into rent_payments (id, amount, received_on, due_on, note, lease_id) values ('5e5b63ca-2c8f-4e06-808b-626a264ff4e6','640.0','2020-03-07','2020-03-07','','108a5366-b472-4c1b-80ac-51672b8ac086');
insert into rent_payments (id, amount, received_on, due_on, note, lease_id) values ('34f2c0b5-1768-48a9-810a-0e619a1c119a','670.0','2020-03-06','2020-03-06','','8adac379-853f-4b0c-a84f-031eec46538f');
insert into rent_payments (id, amount, received_on, due_on, note, lease_id) values ('e2c3e65b-ce10-44ac-a3fb-975242bbc79a','1000.0','2020-04-01','2020-04-01','the rest coming on friday','f72af528-8818-4353-a562-205db3bdb648');
insert into rent_payments (id, amount, received_on, due_on, note, lease_id) values ('60ecc975-86ad-4f1e-86c7-2982af30a3b0','640.0','2020-04-01','2020-04-01','','108a5366-b472-4c1b-80ac-51672b8ac086');
insert into rent_payments (id, amount, received_on, due_on, note, lease_id) values ('c17aa93d-ebb4-4e50-b13e-20ae1322ed3b','30.0','2020-04-04','2020-04-04','the rest','f72af528-8818-4353-a562-205db3bdb648');
insert into rent_payments (id, amount, received_on, due_on, note, lease_id) values ('99f7285d-06ff-4ad8-b432-c7facd561996','670.0','2020-04-01','2020-04-01','','8adac379-853f-4b0c-a84f-031eec46538f');
insert into rent_payments (id, amount, received_on, due_on, note, lease_id) values ('fce86d3b-7755-4662-821e-6d2f1eaf2162','670.0','2020-05-01','2020-05-01','','8adac379-853f-4b0c-a84f-031eec46538f');
insert into rent_payments (id, amount, received_on, due_on, note, lease_id) values ('a3656ced-bb51-484e-9e86-fca96d52c4d5','1050.0','2020-05-01','2020-05-01','','f72af528-8818-4353-a562-205db3bdb648');
insert into rent_payments (id, amount, received_on, due_on, note, lease_id) values ('de0210a2-827e-4aaa-ad6a-b37c86eeca21','640.0','2020-05-01','2020-05-01','','108a5366-b472-4c1b-80ac-51672b8ac086');
insert into rent_payments (id, amount, received_on, due_on, note, lease_id) values ('08a92487-aab6-4d35-861f-799177c8bbb9','1050.0','2020-06-01','2020-06-01','','f72af528-8818-4353-a562-205db3bdb648');
insert into rent_payments (id, amount, received_on, due_on, note, lease_id) values ('da09d52a-aab6-4de1-b091-962eb42f152a','640.0','2020-06-01','2020-06-01','','108a5366-b472-4c1b-80ac-51672b8ac086');
insert into rent_payments (id, amount, received_on, due_on, note, lease_id) values ('c3a14c12-afab-4fba-95ff-62ac26d2ab58','670.0','2020-06-01','2020-06-01','','8adac379-853f-4b0c-a84f-031eec46538f');
insert into rent_payments (id, amount, received_on, due_on, note, lease_id) values ('17c3aa1f-aab5-4430-9a54-1a91fc15d694','670.0','2020-07-01','2020-07-01','paid a few days early, no check, took to bank','8adac379-853f-4b0c-a84f-031eec46538f');
insert into rent_payments (id, amount, received_on, due_on, note, lease_id) values ('b736f5f4-6571-409f-ae11-86e218bc8334','1050.0','2020-07-01','2020-07-01','paid early','f72af528-8818-4353-a562-205db3bdb648');
insert into rent_payments (id, amount, received_on, due_on, note, lease_id) values ('a44e693c-5977-403a-a08e-190dc1fff7eb','640.0','2020-07-01','2020-07-01','','108a5366-b472-4c1b-80ac-51672b8ac086');
insert into rent_payments (id, amount, received_on, due_on, note, lease_id) values ('8c220721-bcef-430c-9a3c-f46b5f390150','670.0','2020-08-01','2020-08-01','','8adac379-853f-4b0c-a84f-031eec46538f');
insert into rent_payments (id, amount, received_on, due_on, note, lease_id) values ('7bf73e74-26c7-450e-98fc-4f71ff93c79c','640.0','2020-08-01','2020-08-01','','108a5366-b472-4c1b-80ac-51672b8ac086');
insert into rent_payments (id, amount, received_on, due_on, note, lease_id) values ('29aa4f90-61c9-4e79-af12-9255f78e05e5','203.0','2020-08-06','2020-08-06','prorated last month','f72af528-8818-4353-a562-205db3bdb648');
insert into rent_payments (id, amount, received_on, due_on, note, lease_id) values ('8402d2c4-e96a-473d-a1c9-9b86d32fca9b','382.5','2020-08-18','2020-08-18','first month','887ebaf5-8dce-45c1-9479-d002a202ad77');
insert into rent_payments (id, amount, received_on, due_on, note, lease_id) values ('26128fce-2a7c-4e22-8be3-ce1eb7b8eb91','670.0','2020-09-01','2020-09-01','','8adac379-853f-4b0c-a84f-031eec46538f');
insert into rent_payments (id, amount, received_on, due_on, note, lease_id) values ('e0cec037-8c4f-4f37-adbe-7e4773801584','640.0','2020-09-01','2020-09-01','','108a5366-b472-4c1b-80ac-51672b8ac086');
insert into rent_payments (id, amount, received_on, due_on, note, lease_id) values ('f1cdde85-ffad-46b3-afb2-7e4ce9948672','640.0','2020-10-01','2020-10-01','','108a5366-b472-4c1b-80ac-51672b8ac086');
insert into rent_payments (id, amount, received_on, due_on, note, lease_id) values ('ba64afd5-53e4-4568-abaf-1e720c820b42','670.0','2020-10-01','2020-10-01','','8adac379-853f-4b0c-a84f-031eec46538f');
insert into rent_payments (id, amount, received_on, due_on, note, lease_id) values ('79b9b38b-f35a-4336-8c41-7a763f3932e7','670.0','2020-12-10','2020-12-10','started with cozy','8adac379-853f-4b0c-a84f-031eec46538f');
insert into rent_payments (id, amount, received_on, due_on, note, lease_id) values ('0298a07a-0ea9-4e2a-b6bd-9fd1927f09ed','1180.0','2020-12-18','2020-12-18','','168691a5-45b1-4282-be5e-3120410c2d41');
insert into rent_payments (id, amount, received_on, due_on, note, lease_id) values ('58951942-0b3b-447d-82e9-6f71499eafb4','480.0','2020-10-01','2020-10-01','Initial with manager fees','6d319a3a-9c24-4f39-a518-f370c1960561');
insert into rent_payments (id, amount, received_on, due_on, note, lease_id) values ('2b7c84b6-6988-409d-8ffc-1696b1885282','480.0','2020-10-01','2020-10-01','Initial with manager fees','168691a5-45b1-4282-be5e-3120410c2d41');
insert into rent_payments (id, amount, received_on, due_on, note, lease_id) values ('d68e8e3c-35b3-445a-a227-727b0ffcb92f','670.0','2020-11-01','2020-11-01','','8adac379-853f-4b0c-a84f-031eec46538f');
insert into rent_payments (id, amount, received_on, due_on, note, lease_id) values ('465d15c0-6427-4e2f-88b3-6c877d879986','640.0','2020-11-01','2020-11-01','','108a5366-b472-4c1b-80ac-51672b8ac086');
insert into rent_payments (id, amount, received_on, due_on, note, lease_id) values ('38536cd9-46f3-4186-87e0-ed3475c23c3b','1080.0','2020-11-20','2020-11-20','very late from PM','6d319a3a-9c24-4f39-a518-f370c1960561');
insert into rent_payments (id, amount, received_on, due_on, note, lease_id) values ('fe651a42-e2e3-4060-8dde-9350d6e3b966','1080.0','2020-11-20','2020-11-20','very late from PM','168691a5-45b1-4282-be5e-3120410c2d41');
insert into rent_payments (id, amount, received_on, due_on, note, lease_id) values ('748b396a-8008-491e-b489-187bfdcfe88a','1180.0','2020-12-18','2020-12-18','','6d319a3a-9c24-4f39-a518-f370c1960561');
insert into rent_payments (id, amount, received_on, due_on, note, lease_id) values ('50ccb565-127c-485a-ba12-c6b754e07844','670.0','2021-03-01','2021-03-01','','8adac379-853f-4b0c-a84f-031eec46538f');
insert into rent_payments (id, amount, received_on, due_on, note, lease_id) values ('390ebf02-101b-46eb-8c52-57cbf6fd4b8b','640.0','2021-03-07','2021-03-07','','108a5366-b472-4c1b-80ac-51672b8ac086');
insert into rent_payments (id, amount, received_on, due_on, note, lease_id) values ('cd2a4124-0f28-484d-a1da-c0a090fcc2f1','670.0','2021-05-01','2021-05-01','','8adac379-853f-4b0c-a84f-031eec46538f');
insert into rent_payments (id, amount, received_on, due_on, note, lease_id) values ('6e5e91db-6be1-416b-a445-85a805c6ccfc','670.0','2021-06-01','2021-06-01','','8adac379-853f-4b0c-a84f-031eec46538f');
insert into rent_payments (id, amount, received_on, due_on, note, lease_id) values ('12fbe3bd-55be-405d-b152-ae956c75fd15','640.0','2021-05-01','2021-05-01','','108a5366-b472-4c1b-80ac-51672b8ac086');
insert into rent_payments (id, amount, received_on, due_on, note, lease_id) values ('a677ee06-98ab-4213-99a8-8260e57c05df','640.0','2021-06-01','2021-06-01','','108a5366-b472-4c1b-80ac-51672b8ac086');
insert into rent_payments (id, amount, received_on, due_on, note, lease_id) values ('2a0837ac-a3fb-48bd-9a29-244b0224ca9d','2400.0','2021-05-17','2021-05-17','2 months rent','168691a5-45b1-4282-be5e-3120410c2d41');
insert into rent_payments (id, amount, received_on, due_on, note, lease_id) values ('a8e3c1d3-ed57-4e0f-bba5-4bf79b329443','670.0','2021-07-01','2021-07-01','','8adac379-853f-4b0c-a84f-031eec46538f');
insert into rent_payments (id, amount, received_on, due_on, note, lease_id) values ('ff958f8d-f083-4b57-bc01-f8857641fb09','640.0','2021-07-01','2021-07-01','','108a5366-b472-4c1b-80ac-51672b8ac086');
insert into rent_payments (id, amount, received_on, due_on, note, lease_id) values ('4003382f-bf7a-4c88-8f2e-642d450078ce','670.0','2021-08-01','2021-08-01','','8adac379-853f-4b0c-a84f-031eec46538f');
insert into rent_payments (id, amount, received_on, due_on, note, lease_id) values ('8ae837d0-5859-48b8-a9b0-5cc768e81ab1','640.0','2021-08-01','2021-08-01','','108a5366-b472-4c1b-80ac-51672b8ac086');
insert into rent_payments (id, amount, received_on, due_on, note, lease_id) values ('a025b22f-23cf-4b26-889e-b2f951ae67d5','850.0','2021-11-01','2021-11-01','initial with security deposit','9aad1cb0-3542-44e2-877f-efae1c35aa6e');
insert into rent_payments (id, amount, received_on, due_on, note, lease_id) values ('0fc53226-47c0-46cb-bbb7-8bac54f0a06c','640.0','2021-11-01','2021-11-01','','108a5366-b472-4c1b-80ac-51672b8ac086');
insert into rent_payments (id, amount, received_on, due_on, note, lease_id) values ('61767e79-2654-46f2-97ae-a32a38c80759','1100.0','2021-11-01','2021-11-01','Cash app, initial with security','74ecdc60-d81d-4894-a264-d329f44310ce');
insert into rent_payments (id, amount, received_on, due_on, note, lease_id) values ('bcb65a1d-0ef3-4f99-99bd-a31913fd7660','920.0','2021-12-15','2021-12-15','prorated half for moving units','c4749daa-8f28-49ca-a069-94fbc91e37b2');
insert into rent_payments (id, amount, received_on, due_on, note, lease_id) values ('67ffc043-bc16-48c5-a392-3cd16e1364e2','850.0','2021-12-01','2021-12-01','','9aad1cb0-3542-44e2-877f-efae1c35aa6e');
insert into rent_payments (id, amount, received_on, due_on, note, lease_id) values ('868b6e53-0cf4-4c2d-8fbd-2256ab78d272','1100.0','2021-12-01','2021-12-01','','74ecdc60-d81d-4894-a264-d329f44310ce');
insert into rent_payments (id, amount, received_on, due_on, note, lease_id) values ('caf4579c-90c7-4d9b-a1de-02ebdbe021f7','850.0','2022-01-01','2022-01-01','','9aad1cb0-3542-44e2-877f-efae1c35aa6e');
insert into rent_payments (id, amount, received_on, due_on, note, lease_id) values ('122e7140-70d3-48fa-b387-75b51c632d34','1100.0','2022-01-01','2022-01-01','','74ecdc60-d81d-4894-a264-d329f44310ce');
insert into rent_payments (id, amount, received_on, due_on, note, lease_id) values ('9f4d5eb4-cc6b-4542-9cc1-eb2482e82384','1200.0','2022-01-01','2022-01-01','','c4749daa-8f28-49ca-a069-94fbc91e37b2');
insert into rent_payments (id, amount, received_on, due_on, note, lease_id) values ('18ff22d0-9230-46a7-9849-b4d9e4dd0016','850.0','2022-04-01','2022-04-01','','9aad1cb0-3542-44e2-877f-efae1c35aa6e');
insert into rent_payments (id, amount, received_on, due_on, note, lease_id) values ('0b0b8958-fd6b-4c59-b9c7-8866c346acea','850.0','2022-03-01','2022-03-01','','9aad1cb0-3542-44e2-877f-efae1c35aa6e');
insert into rent_payments (id, amount, received_on, due_on, note, lease_id) values ('4c5b4367-c139-4f32-baf1-b122cc2da678','1100.0','2022-03-01','2022-03-01','','74ecdc60-d81d-4894-a264-d329f44310ce');
insert into rent_payments (id, amount, received_on, due_on, note, lease_id) values ('1c1af447-1d97-451e-8d48-9d77daa509ed','1100.0','2022-04-01','2022-04-01','','74ecdc60-d81d-4894-a264-d329f44310ce');
insert into rent_payments (id, amount, received_on, due_on, note, lease_id) values ('28bbb8d7-6f12-4e3d-b48a-d3526e757b75','1200.0','2022-03-01','2022-03-01','','c4749daa-8f28-49ca-a069-94fbc91e37b2');
insert into rent_payments (id, amount, received_on, due_on, note, lease_id) values ('f276287b-35e9-410d-ae79-823b46b4b6c7','660.0','2022-04-06','2022-04-06','prorated first few days','108a5366-b472-4c1b-80ac-51672b8ac086');
insert into rent_payments (id, amount, received_on, due_on, note, lease_id) values ('ec57933a-73e6-4c11-b099-cdcd0ea3915c','850.0','2022-02-01','2022-02-01','','9aad1cb0-3542-44e2-877f-efae1c35aa6e');
insert into rent_payments (id, amount, received_on, due_on, note, lease_id) values ('8c7e40bc-2a37-4eac-91c2-030bde800f79','1100.0','2022-02-01','2022-02-01','','74ecdc60-d81d-4894-a264-d329f44310ce');
insert into rent_payments (id, amount, received_on, due_on, note, lease_id) values ('7df54ee0-950b-4267-a8d1-0d5a17ed16a9','1200.0','2022-02-01','2022-02-01','','c4749daa-8f28-49ca-a069-94fbc91e37b2');
insert into rent_payments (id, amount, received_on, due_on, note, lease_id) values ('f166b8ee-1db0-4276-b766-93007ba44ae3','1200.0','2022-04-01','2022-04-01','','c4749daa-8f28-49ca-a069-94fbc91e37b2');
insert into rent_payments (id, amount, received_on, due_on, note, lease_id) values ('7c7798a9-fc58-4815-9e35-dd83e22f7c24','850.0','2022-05-01','2022-05-01','','9aad1cb0-3542-44e2-877f-efae1c35aa6e');
insert into rent_payments (id, amount, received_on, due_on, note, lease_id) values ('e88ee71b-a08e-49e4-a64c-e623e26a6485','1100.0','2022-05-01','2022-05-01','','74ecdc60-d81d-4894-a264-d329f44310ce');
insert into rent_payments (id, amount, received_on, due_on, note, lease_id) values ('f2e0eb7f-6797-41ec-a1bf-034f8171d76b','1200.0','2022-05-01','2022-05-01','','c4749daa-8f28-49ca-a069-94fbc91e37b2');
insert into rent_payments (id, amount, received_on, due_on, note, lease_id) values ('3b114511-56a3-45b8-b91b-381a9db6bf02','800.0','2022-05-01','2022-05-01','','108a5366-b472-4c1b-80ac-51672b8ac086');
insert into rent_payments (id, amount, received_on, due_on, note, lease_id) values ('914ca6dc-dd13-460b-8601-1cdbd181f67f','850.0','2022-06-01','2022-06-01','','9aad1cb0-3542-44e2-877f-efae1c35aa6e');
insert into rent_payments (id, amount, received_on, due_on, note, lease_id) values ('0f58951e-b57e-4d73-b2e4-f95a35febc62','1100.0','2022-06-01','2022-06-01','','74ecdc60-d81d-4894-a264-d329f44310ce');
insert into rent_payments (id, amount, received_on, due_on, note, lease_id) values ('f5bf7a9e-d118-45a2-96a6-322631a9ad4d','1200.0','2022-06-01','2022-06-01','','c4749daa-8f28-49ca-a069-94fbc91e37b2');
insert into rent_payments (id, amount, received_on, due_on, note, lease_id) values ('6ad86962-beb0-4301-9350-a5156d6a8338','800.0','2022-06-01','2022-06-01','','108a5366-b472-4c1b-80ac-51672b8ac086');
insert into rent_payments (id, amount, received_on, due_on, note, lease_id) values ('308220c7-d079-4d02-9e04-7f164c3c8659','850.0','2022-07-01','2022-07-01','','9aad1cb0-3542-44e2-877f-efae1c35aa6e');
insert into rent_payments (id, amount, received_on, due_on, note, lease_id) values ('b87d62b2-4215-4390-9b0b-c3dd9ac2dd5e','1100.0','2022-07-01','2022-07-01','','74ecdc60-d81d-4894-a264-d329f44310ce');
insert into rent_payments (id, amount, received_on, due_on, note, lease_id) values ('00805015-dea4-41b5-8178-aa372548c025','1200.0','2022-07-01','2022-07-01','','c4749daa-8f28-49ca-a069-94fbc91e37b2');
insert into rent_payments (id, amount, received_on, due_on, note, lease_id) values ('c10d391b-385c-44d7-a351-f62d37c9718a','800.0','2022-07-01','2022-07-01','','108a5366-b472-4c1b-80ac-51672b8ac086');
insert into rent_payments (id, amount, received_on, due_on, note, lease_id) values ('97008d89-7d03-4adc-9e27-1a459bc76e15','850.0','2022-08-01','2022-08-01','','9aad1cb0-3542-44e2-877f-efae1c35aa6e');
insert into rent_payments (id, amount, received_on, due_on, note, lease_id) values ('3efa68b5-707f-4c5b-ab66-89adaa25f3ea','1100.0','2022-08-01','2022-08-01','','74ecdc60-d81d-4894-a264-d329f44310ce');
insert into rent_payments (id, amount, received_on, due_on, note, lease_id) values ('e39c8a2d-bdc2-41eb-9883-5578b043f481','1200.0','2022-08-01','2022-08-01','','c4749daa-8f28-49ca-a069-94fbc91e37b2');
insert into rent_payments (id, amount, received_on, due_on, note, lease_id) values ('628bb362-c67b-4304-bc30-c183f104bb44','200.0','2022-08-01','2022-08-01','says the rest is coming on 8/15','108a5366-b472-4c1b-80ac-51672b8ac086');
insert into rent_payments (id, amount, received_on, due_on, note, lease_id) values ('60154de9-64e5-4647-ad71-2d2292a3e33e','1200.0','2022-09-01','2022-09-01','','c4749daa-8f28-49ca-a069-94fbc91e37b2');
insert into rent_payments (id, amount, received_on, due_on, note, lease_id) values ('4348682f-f151-4e9b-8fd5-bf963b881be4','1100.0','2022-09-02','2022-09-02','','74ecdc60-d81d-4894-a264-d329f44310ce');
insert into rent_payments (id, amount, received_on, due_on, note, lease_id) values ('575b92e8-3425-4344-a09f-4a485139242a','850.0','2022-10-01','2022-10-01','','9aad1cb0-3542-44e2-877f-efae1c35aa6e');
insert into rent_payments (id, amount, received_on, due_on, note, lease_id) values ('11ddbc87-7d28-4b29-a3d3-eb1d179daa1a','400.0','2022-09-06','2022-09-06','partial','108a5366-b472-4c1b-80ac-51672b8ac086');
insert into rent_payments (id, amount, received_on, due_on, note, lease_id) values ('9d0cead9-65f2-4042-8569-4602a7b9fdd1','850.0','2022-10-17','2022-10-17','September rent paid from CEO','9aad1cb0-3542-44e2-877f-efae1c35aa6e');
insert into rent_payments (id, amount, received_on, due_on, note, lease_id) values ('f7a23f0d-ee00-4554-ae66-193a7c400e12','1200.0','2022-10-01','2022-10-01','','c4749daa-8f28-49ca-a069-94fbc91e37b2');
insert into rent_payments (id, amount, received_on, due_on, note, lease_id) values ('f18cd67a-d62d-4217-9ef7-08071e10f5fb','200.0','2022-10-01','2022-10-01','partial','108a5366-b472-4c1b-80ac-51672b8ac086');
insert into rent_payments (id, amount, received_on, due_on, note, lease_id) values ('eeef3601-0489-4880-909e-2e69043c0745','100.0','2022-09-03','2022-09-03','partial','108a5366-b472-4c1b-80ac-51672b8ac086');
insert into rent_payments (id, amount, received_on, due_on, note, lease_id) values ('4cb0f74f-5746-43be-92c4-a089092fcf69','97.0','2022-09-03','2022-09-03','partial','108a5366-b472-4c1b-80ac-51672b8ac086');
insert into rent_payments (id, amount, received_on, due_on, note, lease_id) values ('ab3c040d-dee7-4942-a0d8-58c535629bd3','200.0','2022-08-15','2022-08-15','partial','108a5366-b472-4c1b-80ac-51672b8ac086');
insert into rent_payments (id, amount, received_on, due_on, note, lease_id) values ('1844380e-c7ab-43fb-851b-73c5ad2f139c','1403.0','2022-11-14','2022-11-14','backrent from CEO','108a5366-b472-4c1b-80ac-51672b8ac086');
insert into rent_payments (id, amount, received_on, due_on, note, lease_id) values ('5ec9c96c-e13a-4045-95fe-d98bbbbd7f36','1200.0','2022-11-01','2022-11-01','','c4749daa-8f28-49ca-a069-94fbc91e37b2');
insert into rent_payments (id, amount, received_on, due_on, note, lease_id) values ('bf55ce83-0769-4df6-8ad9-e8c5aa90fd66','1200.0','2022-12-01','2022-12-01','','c4749daa-8f28-49ca-a069-94fbc91e37b2');
insert into rent_payments (id, amount, received_on, due_on, note, lease_id) values ('c8a993dd-3090-428b-947d-5b16aa4fd9d3','850.0','2022-11-01','2022-11-01','','9aad1cb0-3542-44e2-877f-efae1c35aa6e');
insert into rent_payments (id, amount, received_on, due_on, note, lease_id) values ('14e1b859-a782-4f0b-ba88-d4559bf38879','850.0','2022-12-01','2022-12-01','','9aad1cb0-3542-44e2-877f-efae1c35aa6e');
insert into rent_payments (id, amount, received_on, due_on, note, lease_id) values ('37ba8717-81fb-4e4a-89a4-148617e60802','850.0','2023-01-06','2023-01-06','','9aad1cb0-3542-44e2-877f-efae1c35aa6e');
insert into rent_payments (id, amount, received_on, due_on, note, lease_id) values ('d080b785-3f4d-40e4-a8fc-132cd9d9caa2','1200.0','2023-01-01','2023-01-01','','c4749daa-8f28-49ca-a069-94fbc91e37b2');
insert into rent_payments (id, amount, received_on, due_on, note, lease_id) values ('f416b14a-63a5-4b7a-b6ec-d0e22902a6cb','1600.0','2023-01-30','2023-01-30','nov and dec from CEO','108a5366-b472-4c1b-80ac-51672b8ac086');
insert into rent_payments (id, amount, received_on, due_on, note, lease_id) values ('b23489ed-ca96-4246-809b-b044a2ddf9a9','850.0','2023-02-01','2023-02-01','','9aad1cb0-3542-44e2-877f-efae1c35aa6e');
insert into rent_payments (id, amount, received_on, due_on, note, lease_id) values ('38686752-699d-4281-b72d-4267753935f4','1200.0','2023-02-01','2023-02-01','','c4749daa-8f28-49ca-a069-94fbc91e37b2');
insert into rent_payments (id, amount, received_on, due_on, note, lease_id) values ('18ed201d-7011-407a-90bf-e97c71744553','800.0','2023-02-16','2023-02-16','jan rent','108a5366-b472-4c1b-80ac-51672b8ac086');
insert into rent_payments (id, amount, received_on, due_on, note, lease_id) values ('55a32444-2143-4584-881e-9ebb797c4599','850.0','2023-03-01','2023-03-01','','9aad1cb0-3542-44e2-877f-efae1c35aa6e');
insert into rent_payments (id, amount, received_on, due_on, note, lease_id) values ('758b2b06-e2b0-4515-8616-d370f98393df','1130.0','2023-03-01','2023-03-01','','7ffbb749-f876-459e-a15a-d7282e660325');
insert into rent_payments (id, amount, received_on, due_on, note, lease_id) values ('c503f84d-4b47-48b0-b8ab-287e370d4855','850.0','2023-04-01','2023-04-01','','9aad1cb0-3542-44e2-877f-efae1c35aa6e');
insert into rent_payments (id, amount, received_on, due_on, note, lease_id) values ('bc025841-50c1-425b-b2ed-d3ebf3f23627','1130.0','2023-04-01','2023-04-01','','7ffbb749-f876-459e-a15a-d7282e660325');
insert into rent_payments (id, amount, received_on, due_on, note, lease_id) values ('2c7ba3d1-995d-4535-9093-27fcdc43163e','850.0','2023-05-01','2023-05-01','','9aad1cb0-3542-44e2-877f-efae1c35aa6e');
insert into rent_payments (id, amount, received_on, due_on, note, lease_id) values ('5c78c95b-1494-4202-b530-68bc50226d79','1130.0','2023-05-01','2023-05-01','','7ffbb749-f876-459e-a15a-d7282e660325');
insert into rent_payments (id, amount, received_on, due_on, note, lease_id) values ('a6579491-ea56-4098-9837-7f08333ae848','850.0','2023-06-01','2023-06-01','','9aad1cb0-3542-44e2-877f-efae1c35aa6e');
insert into rent_payments (id, amount, received_on, due_on, note, lease_id) values ('2ddf2537-b415-4192-ae58-5908c5731f33','1130.0','2023-06-01','2023-06-01','','7ffbb749-f876-459e-a15a-d7282e660325');
insert into rent_payments (id, amount, received_on, due_on, note, lease_id) values ('fc981ef5-21c1-4d22-9774-92d660a1c0a5','850.0','2023-07-01','2023-07-01','','9aad1cb0-3542-44e2-877f-efae1c35aa6e');
insert into rent_payments (id, amount, received_on, due_on, note, lease_id) values ('45ee57b3-7ac4-43bd-9ade-9aa8039a90ea','1130.0','2023-07-01','2023-07-01','','7ffbb749-f876-459e-a15a-d7282e660325');
insert into rent_payments (id, amount, received_on, due_on, note, lease_id) values ('ea7a3579-0f5f-47c8-8e81-50539eec9951','850.0','2023-08-01','2023-08-01','','9aad1cb0-3542-44e2-877f-efae1c35aa6e');
insert into rent_payments (id, amount, received_on, due_on, note, lease_id) values ('d9e2a38a-3371-40f5-8fbd-434a64b45a68','1130.0','2023-08-01','2023-08-01','','7ffbb749-f876-459e-a15a-d7282e660325');
insert into rent_payments (id, amount, received_on, due_on, note, lease_id) values ('a81d11ba-ce21-4c89-a2dd-0bd3b3212a1d','1130.0','2023-09-01','2023-09-01','','7ffbb749-f876-459e-a15a-d7282e660325');
insert into rent_payments (id, amount, received_on, due_on, note, lease_id) values ('3f40266a-6467-4ed2-b0b3-67fee72d1011','850.0','2023-09-01','2023-09-01','','9aad1cb0-3542-44e2-877f-efae1c35aa6e');
insert into rent_payments (id, amount, received_on, due_on, note, lease_id) values ('6a3659a6-6717-4cdb-a96e-0779bb59c204','850.0','2023-10-01','2023-10-01','','9aad1cb0-3542-44e2-877f-efae1c35aa6e');
insert into rent_payments (id, amount, received_on, due_on, note, lease_id) values ('550591cb-4869-4ba9-aa08-64531e7dbc13','1130.0','2023-10-01','2023-10-01','','7ffbb749-f876-459e-a15a-d7282e660325');
insert into rent_payments (id, amount, received_on, due_on, note, lease_id) values ('b9cab198-96de-4f07-a745-a7bdb5429eba','880.0','2023-11-01','2023-11-01','','9aad1cb0-3542-44e2-877f-efae1c35aa6e');
insert into rent_payments (id, amount, received_on, due_on, note, lease_id) values ('94c88cf3-ccff-4aa9-b64e-2cb41628faf9','880.0','2023-12-01','2023-12-01','','9aad1cb0-3542-44e2-877f-efae1c35aa6e');
insert into rent_payments (id, amount, received_on, due_on, note, lease_id) values ('e920c21b-06d3-45f1-bc8e-3db3ad021043','880.0','2024-01-01','2024-01-01','','9aad1cb0-3542-44e2-877f-efae1c35aa6e');
insert into rent_payments (id, amount, received_on, due_on, note, lease_id) values ('72b4c969-9eaf-4dd7-8f19-13766714b21b','880.0','2024-02-01','2024-02-01','','9aad1cb0-3542-44e2-877f-efae1c35aa6e');
insert into rent_payments (id, amount, received_on, due_on, note, lease_id) values ('bc7b77b2-a757-4e3f-ac11-2115f232d959','880.0','2024-03-01','2024-03-01','','9aad1cb0-3542-44e2-877f-efae1c35aa6e');
insert into rent_payments (id, amount, received_on, due_on, note, lease_id) values ('649396bb-ebe8-4e29-a4d1-6eb6b10041d9','880.0','2024-04-01','2024-04-01','','9aad1cb0-3542-44e2-877f-efae1c35aa6e');
insert into rent_payments (id, amount, received_on, due_on, note, lease_id) values ('cea9e67d-47c8-4461-9572-67d76cd06daa','880.0','2024-05-01','2024-05-01','','9aad1cb0-3542-44e2-877f-efae1c35aa6e');
insert into rent_payments (id, amount, received_on, due_on, note, lease_id) values ('7b6e70a8-762d-4f3c-adb5-dfc1fd328d51','1145.0','2024-05-01','2024-05-01','first month','bab77334-4712-4dab-b9aa-50b779507a71');
insert into rent_payments (id, amount, received_on, due_on, note, lease_id) values ('64207596-6cb0-423c-84f7-ee9d03454c51','1145.0','2024-06-01','2024-06-01','','bab77334-4712-4dab-b9aa-50b779507a71');
insert into rent_payments (id, amount, received_on, due_on, note, lease_id) values ('04b2fd42-954a-4a4d-889c-e0f1ab80c0dc','880.0','2024-06-01','2024-06-01','','9aad1cb0-3542-44e2-877f-efae1c35aa6e');
insert into rent_payments (id, amount, received_on, due_on, note, lease_id) values ('56d5a83a-05a0-430f-958f-2b03176bc82e','1145.0','2024-07-01','2024-07-01','','bab77334-4712-4dab-b9aa-50b779507a71');
insert into rent_payments (id, amount, received_on, due_on, note, lease_id) values ('06d15618-afcf-4ee1-8cc8-5fa05cfc689f','880.0','2024-07-01','2024-07-01','','9aad1cb0-3542-44e2-877f-efae1c35aa6e');
insert into rent_payments (id, amount, received_on, due_on, note, lease_id) values ('120a4a0f-bc64-4725-9694-46c7b207a1e1','1145.0','2024-08-01','2024-08-01','','bab77334-4712-4dab-b9aa-50b779507a71');
insert into rent_payments (id, amount, received_on, due_on, note, lease_id) values ('8741a92d-1fd3-4e69-adfa-b4b8bb59e564','1145.0','2024-09-01','2024-09-01','','bab77334-4712-4dab-b9aa-50b779507a71');
insert into rent_payments (id, amount, received_on, due_on, note, lease_id) values ('c7a2cb97-80db-44ff-80d9-64593f49b27b','880.0','2024-08-01','2024-08-01','','9aad1cb0-3542-44e2-877f-efae1c35aa6e');
insert into rent_payments (id, amount, received_on, due_on, note, lease_id) values ('1561255b-bd25-41e3-8a53-7a3ee9ccce3e','880.0','2024-09-01','2024-09-01','','9aad1cb0-3542-44e2-877f-efae1c35aa6e');
insert into rent_payments (id, amount, received_on, due_on, note, lease_id) values ('11c2378e-2b2e-4fd7-8837-4460a189b4d4','1145.0','2024-10-01','2024-10-01','','bab77334-4712-4dab-b9aa-50b779507a71');
insert into rent_payments (id, amount, received_on, due_on, note, lease_id) values ('ca155db8-c491-4102-87e3-86d1c17feb16','880.0','2024-11-01','2024-11-01','','9aad1cb0-3542-44e2-877f-efae1c35aa6e');
insert into rent_payments (id, amount, received_on, due_on, note, lease_id) values ('6fe8c892-ed09-4648-911b-591c2b573b57','1145.0','2024-11-01','2024-11-01','','bab77334-4712-4dab-b9aa-50b779507a71');
insert into rent_payments (id, amount, received_on, due_on, note, lease_id) values ('0959ecc5-104f-4171-8470-86dcb06919dd','880.0','2024-12-01','2024-12-01','received 11/22','9aad1cb0-3542-44e2-877f-efae1c35aa6e');
insert into rent_payments (id, amount, received_on, due_on, note, lease_id) values ('b2f62f28-214d-48fb-917a-3b9f23f2bb02','1145.0','2024-12-01','2024-12-01','','bab77334-4712-4dab-b9aa-50b779507a71');
insert into rent_payments (id, amount, received_on, due_on, note, lease_id) values ('1f7b07ec-454f-4c3d-8f11-8d8a0cc7503e','1145.0','2025-01-01','2025-01-01','','bab77334-4712-4dab-b9aa-50b779507a71');
insert into rent_payments (id, amount, received_on, due_on, note, lease_id) values ('88f6f28c-1480-4de3-82e3-b2e7e972eb44','685.0','2025-02-01','2025-02-01','rent discounted for water leak','bab77334-4712-4dab-b9aa-50b779507a71');
insert into rent_payments (id, amount, received_on, due_on, note, lease_id) values ('1c2815cc-06bf-4390-87e6-3ecbccbacc92','880.0','2025-01-01','2025-01-01','','9aad1cb0-3542-44e2-877f-efae1c35aa6e');
insert into rent_payments (id, amount, received_on, due_on, note, lease_id) values ('9cb13bb9-01cd-43df-848c-8359ddfefd98','880.0','2025-02-01','2025-02-01','','9aad1cb0-3542-44e2-877f-efae1c35aa6e');
insert into rent_payments (id, amount, received_on, due_on, note, lease_id) values ('8d153ce6-8aa3-48b9-8d7c-18db8aefb10d','880.0','2024-03-02','2024-03-02','','9aad1cb0-3542-44e2-877f-efae1c35aa6e');
insert into rent_payments (id, amount, received_on, due_on, note, lease_id) values ('799fd121-2bc9-42f8-a16b-5183bfadb58d','1145.0','2025-03-01','2025-03-01','','bab77334-4712-4dab-b9aa-50b779507a71');
insert into rent_payments (id, amount, received_on, due_on, note, lease_id) values ('a350f511-fce0-4b0e-837d-f53131e012e3','1145.0','2025-04-01','2025-04-01','','bab77334-4712-4dab-b9aa-50b779507a71');
insert into rent_payments (id, amount, received_on, due_on, note, lease_id) values ('2601965c-7a3f-4386-ab55-ab35f5f572b2','1145.0','2025-05-01','2025-05-01','','bab77334-4712-4dab-b9aa-50b779507a71');
insert into rent_payments (id, amount, received_on, due_on, note, lease_id) values ('ee1afd3a-ab30-43f2-8ef3-cabbc7052d36','1145.0','2025-06-01','2025-06-01','','bab77334-4712-4dab-b9aa-50b779507a71');
insert into rent_payments (id, amount, received_on, due_on, note, lease_id) values ('d363cc41-3174-4479-9ed1-e64392239a98','1145.0','2025-07-01','2025-07-01','','bab77334-4712-4dab-b9aa-50b779507a71');
insert into rent_payments (id, amount, received_on, due_on, note, lease_id) values ('a7a0753b-b279-42ec-986f-cae39f6a591e','1145.0','2025-09-01','2025-09-01','','bab77334-4712-4dab-b9aa-50b779507a71');
insert into rent_payments (id, amount, received_on, due_on, note, lease_id) values ('36d2ffc3-a910-4601-894d-78ef3e5fc324','880.0','2025-03-01','2025-03-01','','9aad1cb0-3542-44e2-877f-efae1c35aa6e');
insert into rent_payments (id, amount, received_on, due_on, note, lease_id) values ('8035c4e8-7fa7-4243-996a-986c8b59093d','880.0','2025-04-01','2025-04-01','','9aad1cb0-3542-44e2-877f-efae1c35aa6e');
insert into rent_payments (id, amount, received_on, due_on, note, lease_id) values ('e1679ce0-6232-4e51-a56c-2e2c0d248ddf','880.0','2025-05-01','2025-05-01','','9aad1cb0-3542-44e2-877f-efae1c35aa6e');
insert into rent_payments (id, amount, received_on, due_on, note, lease_id) values ('2f7514f3-02c4-4139-9c06-ae4eb03c1b0d','880.0','2025-06-01','2025-06-01','','9aad1cb0-3542-44e2-877f-efae1c35aa6e');
insert into rent_payments (id, amount, received_on, due_on, note, lease_id) values ('ef33c361-dc4b-4afc-b201-f2f890600ebd','880.0','2025-07-01','2025-07-01','','9aad1cb0-3542-44e2-877f-efae1c35aa6e');
insert into rent_payments (id, amount, received_on, due_on, note, lease_id) values ('23c4698c-4742-4e59-870d-ac9d07d43d9d','880.0','2025-08-01','2025-08-01','','9aad1cb0-3542-44e2-877f-efae1c35aa6e');
insert into expense_types (id, name, deleted) values ('105c79dd-ff18-40b7-a92e-1705c833de63','Maintenance', true);
insert into expense_types (id, name, deleted) values ('3fe8f8b0-608e-4ab7-bf69-747e63a8ce2d','Administrative', true);
insert into expense_types (id, name, deleted) values ('d8a0877d-a2f2-41fb-b683-b8b916f7d219','Loan Payment', true);
insert into expense_types (id, name, deleted) values ('914fdfc1-c8c9-4289-af59-b3d66c4110d8','Taxes', true);
insert into expense_types (id, name, deleted) values ('85586c4b-76c1-4829-aafe-182066911124','Utilities', true);
insert into expense_types (id, name, deleted) values ('62de32fd-6039-4c85-b76f-45545ff7b650','Misc Deductible', true);
insert into expense_types (id, name, deleted) values ('e7735487-0bb4-4b2e-8191-0b92d4a665d6','Non-Deductible', true);
insert into expense_types (id, name, deleted) values ('c735181f-05a6-4c69-9988-4c9eeea6f4e9','Repair', true);
insert into expense_types (id, name, deleted) values ('a801d25b-7f31-4782-b9a2-84cd78bdde71','Improvement', true);
insert into expense_types (id, name, deleted) values ('b89a33c6-ed73-48dd-9948-016a2cd8cee2','Contract Work', false);
insert into expense_types (id, name, deleted) values ('8ec745fd-17a0-434b-aa33-4fdc0ebfe552','Insurance', true);
insert into expense_types (id, name, deleted) values ('f4ab7a02-36e0-4323-aad7-cf88bfc18d37','Materials', false);
insert into expense_types (id, name, deleted) values ('fc296ab9-a626-46e6-9d17-8e842bbe70ae','Property Management', true);
insert into expenses (id, amount, note, merchant, paid_on, property_id, expense_type_id) values ('3db22d0c-4f62-40c4-8d88-cf3d7a700949', '122.06', '', 'UGI','2021-04-19','f6e2bc56-d5bf-43eb-baf4-1ce4e9b453c7','85586c4b-76c1-4829-aafe-182066911124');
insert into expenses (id, amount, note, merchant, paid_on, property_id, expense_type_id) values ('eba302b4-a5f0-4ba4-a19c-d4be10903f90', '478.16', '', 'property tax','2021-04-10','10a3fd1f-7a26-4ec5-9e13-5837eb74d9af','914fdfc1-c8c9-4289-af59-b3d66c4110d8');
insert into expenses (id, amount, note, merchant, paid_on, property_id, expense_type_id) values ('39077b90-a039-4554-980a-2b6aa0c27b19', '180.0', '', 'Rebecca Dailey','2021-03-01','10a3fd1f-7a26-4ec5-9e13-5837eb74d9af','fc296ab9-a626-46e6-9d17-8e842bbe70ae');
insert into expenses (id, amount, note, merchant, paid_on, property_id, expense_type_id) values ('c0d7a05b-6fab-4a53-ae60-8f4fb4139f2b', '90.0', '', 'Rebecca Dailey','2021-04-01','10a3fd1f-7a26-4ec5-9e13-5837eb74d9af','fc296ab9-a626-46e6-9d17-8e842bbe70ae');
insert into expenses (id, amount, note, merchant, paid_on, property_id, expense_type_id) values ('4379bcc5-ca40-42df-9a0b-601174cbef1c', '213.68', '', 'UGI','2021-01-15','f6e2bc56-d5bf-43eb-baf4-1ce4e9b453c7','85586c4b-76c1-4829-aafe-182066911124');
insert into expenses (id, amount, note, merchant, paid_on, property_id, expense_type_id) values ('e7c7c0d4-c715-4164-9eb9-f19fd50f8af6', '151.94', '', 'PPL','2021-01-20','f6e2bc56-d5bf-43eb-baf4-1ce4e9b453c7','85586c4b-76c1-4829-aafe-182066911124');
insert into expenses (id, amount, note, merchant, paid_on, property_id, expense_type_id) values ('c7c8caab-8641-4f3b-a85f-8fcef718005f', '120.0', '', 'Rebecca Dailey','2021-01-20','10a3fd1f-7a26-4ec5-9e13-5837eb74d9af','fc296ab9-a626-46e6-9d17-8e842bbe70ae');
insert into expenses (id, amount, note, merchant, paid_on, property_id, expense_type_id) values ('00f1fcb0-582e-47be-b07d-0ffa468db60d', '120.0', '', 'Rebecca Dailey','2021-01-20','f6e2bc56-d5bf-43eb-baf4-1ce4e9b453c7','fc296ab9-a626-46e6-9d17-8e842bbe70ae');
insert into expenses (id, amount, note, merchant, paid_on, property_id, expense_type_id) values ('851a7019-d355-496a-9473-02a0c378cdca', '280.02', '', 'Mortgage','2021-01-01','f6e2bc56-d5bf-43eb-baf4-1ce4e9b453c7','d8a0877d-a2f2-41fb-b683-b8b916f7d219');
insert into expenses (id, amount, note, merchant, paid_on, property_id, expense_type_id) values ('67ebe9bc-6d15-4c66-995d-a2bfb1947dc3', '250.0', '', 'garbage sticker','2021-01-12','10a3fd1f-7a26-4ec5-9e13-5837eb74d9af','85586c4b-76c1-4829-aafe-182066911124');
insert into expenses (id, amount, note, merchant, paid_on, property_id, expense_type_id) values ('6f6e326c-e6e4-490f-82f8-084b82e1633f', '250.0', '', 'garbage sticker','2021-01-12','10a3fd1f-7a26-4ec5-9e13-5837eb74d9af','85586c4b-76c1-4829-aafe-182066911124');
insert into expenses (id, amount, note, merchant, paid_on, property_id, expense_type_id) values ('4923562c-8fab-4407-80e1-82a9cd05e8d2', '55.0', '', 'rental inspection fee','2020-10-01','10a3fd1f-7a26-4ec5-9e13-5837eb74d9af','3fe8f8b0-608e-4ab7-bf69-747e63a8ce2d');
insert into expenses (id, amount, note, merchant, paid_on, property_id, expense_type_id) values ('d454f314-91ad-4d6b-8458-9c1bb263ab0d', '55.0', '', 'rental inspection fee','2020-10-01','10a3fd1f-7a26-4ec5-9e13-5837eb74d9af','3fe8f8b0-608e-4ab7-bf69-747e63a8ce2d');
insert into expenses (id, amount, note, merchant, paid_on, property_id, expense_type_id) values ('5f1f2cc3-33a6-49b4-9813-b94ab44fbfe6', '280.02', '', 'mortgage','2021-02-01','f6e2bc56-d5bf-43eb-baf4-1ce4e9b453c7','d8a0877d-a2f2-41fb-b683-b8b916f7d219');
insert into expenses (id, amount, note, merchant, paid_on, property_id, expense_type_id) values ('e9f1d4a8-7d68-4418-8fc8-f7d7ab3ae365', '290.0', '', 'sewer maintenance','2021-02-04','f6e2bc56-d5bf-43eb-baf4-1ce4e9b453c7','85586c4b-76c1-4829-aafe-182066911124');
insert into expenses (id, amount, note, merchant, paid_on, property_id, expense_type_id) values ('9f4446d9-2dcd-4e3c-b886-74b276814363', '270.9', '', 'WVSA 48','2021-02-04','10a3fd1f-7a26-4ec5-9e13-5837eb74d9af','85586c4b-76c1-4829-aafe-182066911124');
insert into expenses (id, amount, note, merchant, paid_on, property_id, expense_type_id) values ('91ee73cd-02ad-4c3d-a333-8a3fca4c9398', '215.6', '', 'WVSA 50','2021-02-04','10a3fd1f-7a26-4ec5-9e13-5837eb74d9af','85586c4b-76c1-4829-aafe-182066911124');
insert into expenses (id, amount, note, merchant, paid_on, property_id, expense_type_id) values ('8c62d4ba-51a0-4aa1-bd64-e75f0a173679', '270.9', '', 'WVSA','2021-02-04','f6e2bc56-d5bf-43eb-baf4-1ce4e9b453c7','85586c4b-76c1-4829-aafe-182066911124');
insert into expenses (id, amount, note, merchant, paid_on, property_id, expense_type_id) values ('f1870170-08cc-43a7-ab3a-15324eeda06a', '98.0', '', 'sewer maintenance 50','2021-02-04','10a3fd1f-7a26-4ec5-9e13-5837eb74d9af','85586c4b-76c1-4829-aafe-182066911124');
insert into expenses (id, amount, note, merchant, paid_on, property_id, expense_type_id) values ('1e78b64f-f20f-48c7-941f-1ec2562b47d2', '98.0', '', 'sewer maintenance 48','2021-02-04','10a3fd1f-7a26-4ec5-9e13-5837eb74d9af','85586c4b-76c1-4829-aafe-182066911124');
insert into expenses (id, amount, note, merchant, paid_on, property_id, expense_type_id) values ('2e7636db-6b74-450d-90bd-d265cf5270dc', '41.01', '', 'water','2021-02-01','f6e2bc56-d5bf-43eb-baf4-1ce4e9b453c7','85586c4b-76c1-4829-aafe-182066911124');
insert into expenses (id, amount, note, merchant, paid_on, property_id, expense_type_id) values ('97367597-c0a2-4e78-a87e-1e314726920e', '137.25', '', 'water','2020-12-29','f6e2bc56-d5bf-43eb-baf4-1ce4e9b453c7','85586c4b-76c1-4829-aafe-182066911124');
insert into expenses (id, amount, note, merchant, paid_on, property_id, expense_type_id) values ('24ea89a8-c80f-4d35-8e40-3cb41bbcc056', '455.8', null, 'oil 100g both sides','2017-12-15','10a3fd1f-7a26-4ec5-9e13-5837eb74d9af','85586c4b-76c1-4829-aafe-182066911124');
insert into expenses (id, amount, note, merchant, paid_on, property_id, expense_type_id) values ('aa77ede4-dbb7-4852-b6ff-0054b7e2fc23', '303.57', '', 'UGI','2021-02-18','f6e2bc56-d5bf-43eb-baf4-1ce4e9b453c7','85586c4b-76c1-4829-aafe-182066911124');
insert into expenses (id, amount, note, merchant, paid_on, property_id, expense_type_id) values ('bd6d2ccf-da46-481f-8508-23e2f429b689', '280.02', '', 'mortgage','2021-03-01','f6e2bc56-d5bf-43eb-baf4-1ce4e9b453c7','d8a0877d-a2f2-41fb-b683-b8b916f7d219');
insert into expenses (id, amount, note, merchant, paid_on, property_id, expense_type_id) values ('48a62c05-d396-4986-9674-1728140763db', '37.35', '', 'water','2021-03-01','f6e2bc56-d5bf-43eb-baf4-1ce4e9b453c7','85586c4b-76c1-4829-aafe-182066911124');
insert into expenses (id, amount, note, merchant, paid_on, property_id, expense_type_id) values ('5f95218b-1419-4161-a657-3fa6779ba264', '75.0', '', 'Dan to plow','2021-02-04','f6e2bc56-d5bf-43eb-baf4-1ce4e9b453c7','105c79dd-ff18-40b7-a92e-1705c833de63');
insert into expenses (id, amount, note, merchant, paid_on, property_id, expense_type_id) values ('aaac495a-efef-4705-b398-249ac5182107', '399.05', '', 'property tax','2021-03-31','f6e2bc56-d5bf-43eb-baf4-1ce4e9b453c7','914fdfc1-c8c9-4289-af59-b3d66c4110d8');
insert into expenses (id, amount, note, merchant, paid_on, property_id, expense_type_id) values ('e5816736-8499-4d8f-8ab9-ef1e8bb82d9f', '288.31', '', 'UGI','2021-03-19','f6e2bc56-d5bf-43eb-baf4-1ce4e9b453c7','85586c4b-76c1-4829-aafe-182066911124');
insert into expenses (id, amount, note, merchant, paid_on, property_id, expense_type_id) values ('23f17bce-a072-4eba-a0b6-ad9856160651', '41.01', '', 'water','2021-03-26','f6e2bc56-d5bf-43eb-baf4-1ce4e9b453c7','85586c4b-76c1-4829-aafe-182066911124');
insert into expenses (id, amount, note, merchant, paid_on, property_id, expense_type_id) values ('14ff9bd1-f2ec-4657-b6e1-736cb684f90b', '350.0', null, 'danielson','2018-09-28','f6e2bc56-d5bf-43eb-baf4-1ce4e9b453c7','b89a33c6-ed73-48dd-9948-016a2cd8cee2');
insert into expenses (id, amount, note, merchant, paid_on, property_id, expense_type_id) values ('ebc4be0d-acfa-415b-8cf3-e2c34f8ce77c', '32.47', null, '','2019-03-05','f6e2bc56-d5bf-43eb-baf4-1ce4e9b453c7','85586c4b-76c1-4829-aafe-182066911124');
insert into expenses (id, amount, note, merchant, paid_on, property_id, expense_type_id) values ('a01e1575-5555-45cd-9221-fc51efdc8c21', '15.85', null, '','2019-03-06','f6e2bc56-d5bf-43eb-baf4-1ce4e9b453c7','62de32fd-6039-4c85-b76f-45545ff7b650');
insert into expenses (id, amount, note, merchant, paid_on, property_id, expense_type_id) values ('da64c324-7b4f-4e73-9fb7-f67147b5562d', '19.48', null, 'driscolls','2019-07-07','f6e2bc56-d5bf-43eb-baf4-1ce4e9b453c7','105c79dd-ff18-40b7-a92e-1705c833de63');
insert into expenses (id, amount, note, merchant, paid_on, property_id, expense_type_id) values ('b07ce16d-a4fa-498e-b7fc-4dbf5181daea', '9.0', null, '','2017-08-30','10a3fd1f-7a26-4ec5-9e13-5837eb74d9af','f4ab7a02-36e0-4323-aad7-cf88bfc18d37');
insert into expenses (id, amount, note, merchant, paid_on, property_id, expense_type_id) values ('d7e462bd-2186-438a-9f12-1189ddf095aa', '8.48', null, 'Basement clean out','2017-09-29','10a3fd1f-7a26-4ec5-9e13-5837eb74d9af','b89a33c6-ed73-48dd-9948-016a2cd8cee2');
insert into expenses (id, amount, note, merchant, paid_on, property_id, expense_type_id) values ('deb21cae-83e7-4658-8ece-4a1185cb2889', '180.26', null, 'Home Depot','2017-09-19','10a3fd1f-7a26-4ec5-9e13-5837eb74d9af','f4ab7a02-36e0-4323-aad7-cf88bfc18d37');
insert into expenses (id, amount, note, merchant, paid_on, property_id, expense_type_id) values ('6117caba-e54b-4c14-8d13-a57cfa5cfc5a', '7700.64', null, 'Initial payment','2016-10-28','10a3fd1f-7a26-4ec5-9e13-5837eb74d9af','d8a0877d-a2f2-41fb-b683-b8b916f7d219');
insert into expenses (id, amount, note, merchant, paid_on, property_id, expense_type_id) values ('c1ea8c9a-f609-4941-8a05-dd967b709f4b', '51.94', null, '','2016-10-29','10a3fd1f-7a26-4ec5-9e13-5837eb74d9af','f4ab7a02-36e0-4323-aad7-cf88bfc18d37');
insert into expenses (id, amount, note, merchant, paid_on, property_id, expense_type_id) values ('47b681f2-2f2e-49ee-bb25-85a6bafddb07', '23.22', null, '','2016-10-30','10a3fd1f-7a26-4ec5-9e13-5837eb74d9af','f4ab7a02-36e0-4323-aad7-cf88bfc18d37');
insert into expenses (id, amount, note, merchant, paid_on, property_id, expense_type_id) values ('933cd72e-2980-4dae-8330-77bd5e700970', '23.74', null, '','2016-10-30','10a3fd1f-7a26-4ec5-9e13-5837eb74d9af','f4ab7a02-36e0-4323-aad7-cf88bfc18d37');
insert into expenses (id, amount, note, merchant, paid_on, property_id, expense_type_id) values ('5607eaad-5749-4b58-b591-b877eb02129a', '16.68', null, '','2016-10-30','10a3fd1f-7a26-4ec5-9e13-5837eb74d9af','f4ab7a02-36e0-4323-aad7-cf88bfc18d37');
insert into expenses (id, amount, note, merchant, paid_on, property_id, expense_type_id) values ('d49ff9df-feac-4abc-98ee-667520e46955', '209.81', null, '','2016-10-31','10a3fd1f-7a26-4ec5-9e13-5837eb74d9af','f4ab7a02-36e0-4323-aad7-cf88bfc18d37');
insert into expenses (id, amount, note, merchant, paid_on, property_id, expense_type_id) values ('f21c4f9a-0e78-41ac-a083-e92efc248084', '27.0', null, '','2016-10-31','10a3fd1f-7a26-4ec5-9e13-5837eb74d9af','f4ab7a02-36e0-4323-aad7-cf88bfc18d37');
insert into expenses (id, amount, note, merchant, paid_on, property_id, expense_type_id) values ('926daa17-b60a-4198-b1d7-39ac61006a91', '4.51', null, '','2016-10-31','10a3fd1f-7a26-4ec5-9e13-5837eb74d9af','f4ab7a02-36e0-4323-aad7-cf88bfc18d37');
insert into expenses (id, amount, note, merchant, paid_on, property_id, expense_type_id) values ('06359cdb-49e7-4ca3-b393-37c3ad0fb0f3', '6.73', null, 'Dave pizza','2016-11-01','10a3fd1f-7a26-4ec5-9e13-5837eb74d9af','105c79dd-ff18-40b7-a92e-1705c833de63');
insert into expenses (id, amount, note, merchant, paid_on, property_id, expense_type_id) values ('1ae121cf-eb8d-441f-a7e9-aa147a051a96', '3.0', null, 'Dave beer','2016-11-02','10a3fd1f-7a26-4ec5-9e13-5837eb74d9af','105c79dd-ff18-40b7-a92e-1705c833de63');
insert into expenses (id, amount, note, merchant, paid_on, property_id, expense_type_id) values ('e2f2bd30-3010-4499-aff3-6df57515a8d5', '100.0', null, 'Chestnut door','2016-10-30','10a3fd1f-7a26-4ec5-9e13-5837eb74d9af','f4ab7a02-36e0-4323-aad7-cf88bfc18d37');
insert into expenses (id, amount, note, merchant, paid_on, property_id, expense_type_id) values ('3bb41ac5-7d01-4416-945d-5a658f9f3aa7', '3.0', null, '','2016-11-04','10a3fd1f-7a26-4ec5-9e13-5837eb74d9af','105c79dd-ff18-40b7-a92e-1705c833de63');
insert into expenses (id, amount, note, merchant, paid_on, property_id, expense_type_id) values ('1c76d9d1-75a3-4304-ab98-3f6661b7786b', '344.61', null, '','2016-11-04','10a3fd1f-7a26-4ec5-9e13-5837eb74d9af','d8a0877d-a2f2-41fb-b683-b8b916f7d219');
insert into expenses (id, amount, note, merchant, paid_on, property_id, expense_type_id) values ('6aa4dfae-ec7e-4477-a1c6-dc735e1cc75b', '76.67', null, '','2016-11-06','10a3fd1f-7a26-4ec5-9e13-5837eb74d9af','f4ab7a02-36e0-4323-aad7-cf88bfc18d37');
insert into expenses (id, amount, note, merchant, paid_on, property_id, expense_type_id) values ('e5d56851-7ada-4873-8f01-477d034eaf1c', '37.66', null, '','2016-11-06','10a3fd1f-7a26-4ec5-9e13-5837eb74d9af','f4ab7a02-36e0-4323-aad7-cf88bfc18d37');
insert into expenses (id, amount, note, merchant, paid_on, property_id, expense_type_id) values ('4db2406c-1554-48d9-921e-1fca8bd40005', '488.58', null, 'Various','2016-11-09','10a3fd1f-7a26-4ec5-9e13-5837eb74d9af','f4ab7a02-36e0-4323-aad7-cf88bfc18d37');
insert into expenses (id, amount, note, merchant, paid_on, property_id, expense_type_id) values ('31833cda-fc70-4ace-a2f1-920a83d0d267', '76.67', null, '','2016-11-09','10a3fd1f-7a26-4ec5-9e13-5837eb74d9af','f4ab7a02-36e0-4323-aad7-cf88bfc18d37');
insert into expenses (id, amount, note, merchant, paid_on, property_id, expense_type_id) values ('a1b920a9-4b1a-4692-8fdf-aef7bbe5c4ed', '3.39', null, '','2016-11-09','10a3fd1f-7a26-4ec5-9e13-5837eb74d9af','105c79dd-ff18-40b7-a92e-1705c833de63');
insert into expenses (id, amount, note, merchant, paid_on, property_id, expense_type_id) values ('464f3744-ed01-4300-b43f-60a256b630e7', '10.57', null, '','2016-11-10','10a3fd1f-7a26-4ec5-9e13-5837eb74d9af','f4ab7a02-36e0-4323-aad7-cf88bfc18d37');
insert into expenses (id, amount, note, merchant, paid_on, property_id, expense_type_id) values ('f66a9433-0e9b-47a2-8bc4-f79905afd6f3', '16.0', null, 'American Grill','2016-11-09','10a3fd1f-7a26-4ec5-9e13-5837eb74d9af','105c79dd-ff18-40b7-a92e-1705c833de63');
insert into expenses (id, amount, note, merchant, paid_on, property_id, expense_type_id) values ('29c04f92-b72c-4e8b-b553-afe0771e8612', '39.9', null, 'Gas','2016-11-07','10a3fd1f-7a26-4ec5-9e13-5837eb74d9af','f4ab7a02-36e0-4323-aad7-cf88bfc18d37');
insert into expenses (id, amount, note, merchant, paid_on, property_id, expense_type_id) values ('89dcb51c-0196-4207-88e3-3110f5d05469', '16.0', null, 'Pizza','2016-11-14','10a3fd1f-7a26-4ec5-9e13-5837eb74d9af','105c79dd-ff18-40b7-a92e-1705c833de63');
insert into expenses (id, amount, note, merchant, paid_on, property_id, expense_type_id) values ('77694434-99bf-4df3-95f9-66edd0f3d8c4', '467.0', null, 'Krasavage Plumbing','2016-11-18','10a3fd1f-7a26-4ec5-9e13-5837eb74d9af','b89a33c6-ed73-48dd-9948-016a2cd8cee2');
insert into expenses (id, amount, note, merchant, paid_on, property_id, expense_type_id) values ('dc1154d3-58c1-49f9-9b0a-c27ccc0bc646', '70.85', null, 'Landfill','2016-11-18','10a3fd1f-7a26-4ec5-9e13-5837eb74d9af','f4ab7a02-36e0-4323-aad7-cf88bfc18d37');
insert into expenses (id, amount, note, merchant, paid_on, property_id, expense_type_id) values ('488af645-f324-42c1-b88f-33f4b43d41ab', '26.95', null, 'Uhaul','2016-11-19','10a3fd1f-7a26-4ec5-9e13-5837eb74d9af','f4ab7a02-36e0-4323-aad7-cf88bfc18d37');
insert into expenses (id, amount, note, merchant, paid_on, property_id, expense_type_id) values ('591f7a49-375b-442f-8f63-a3c3bf281712', '13.73', null, 'Uhaul','2016-11-19','10a3fd1f-7a26-4ec5-9e13-5837eb74d9af','f4ab7a02-36e0-4323-aad7-cf88bfc18d37');
insert into expenses (id, amount, note, merchant, paid_on, property_id, expense_type_id) values ('29eb052f-a296-4ef7-963e-db4720e852d2', '34.95', null, 'hitch','2016-11-19','10a3fd1f-7a26-4ec5-9e13-5837eb74d9af','f4ab7a02-36e0-4323-aad7-cf88bfc18d37');
insert into expenses (id, amount, note, merchant, paid_on, property_id, expense_type_id) values ('99dc510e-068e-4469-b228-307964d7c96a', '7.69', null, 'Sand paper','2016-11-19','10a3fd1f-7a26-4ec5-9e13-5837eb74d9af','f4ab7a02-36e0-4323-aad7-cf88bfc18d37');
insert into expenses (id, amount, note, merchant, paid_on, property_id, expense_type_id) values ('3ad38765-693d-4e20-8ea4-d78bbf1a66d6', '120.0', null, 'Furnace cleaning','2016-11-19','10a3fd1f-7a26-4ec5-9e13-5837eb74d9af','b89a33c6-ed73-48dd-9948-016a2cd8cee2');
insert into expenses (id, amount, note, merchant, paid_on, property_id, expense_type_id) values ('32979b3d-73e6-4e51-9f51-e3b597ba93db', '300.0', null, 'HD gift card','2016-11-19','10a3fd1f-7a26-4ec5-9e13-5837eb74d9af','f4ab7a02-36e0-4323-aad7-cf88bfc18d37');
insert into expenses (id, amount, note, merchant, paid_on, property_id, expense_type_id) values ('c61b714e-f843-4c3f-9dc8-33af18b4aa23', '7.69', null, 'Harbor Freight','2016-11-20','10a3fd1f-7a26-4ec5-9e13-5837eb74d9af','f4ab7a02-36e0-4323-aad7-cf88bfc18d37');
insert into expenses (id, amount, note, merchant, paid_on, property_id, expense_type_id) values ('708e2924-11e0-44b2-9ee6-cd2f76eb5414', '-20.09', null, '','2016-11-21','10a3fd1f-7a26-4ec5-9e13-5837eb74d9af','f4ab7a02-36e0-4323-aad7-cf88bfc18d37');
insert into expenses (id, amount, note, merchant, paid_on, property_id, expense_type_id) values ('7e66ed0d-0fbf-4c2c-a105-c631ca3dd5cd', '42.29', null, '','2016-11-20','10a3fd1f-7a26-4ec5-9e13-5837eb74d9af','f4ab7a02-36e0-4323-aad7-cf88bfc18d37');
insert into expenses (id, amount, note, merchant, paid_on, property_id, expense_type_id) values ('2df15b87-ac36-42a6-8d1e-00aef03ad7e8', '14.39', null, '','2016-11-14','10a3fd1f-7a26-4ec5-9e13-5837eb74d9af','f4ab7a02-36e0-4323-aad7-cf88bfc18d37');
insert into expenses (id, amount, note, merchant, paid_on, property_id, expense_type_id) values ('64e92b35-96d8-4871-a1af-3b405d4a8b1e', '8.96', null, '','2016-11-28','10a3fd1f-7a26-4ec5-9e13-5837eb74d9af','f4ab7a02-36e0-4323-aad7-cf88bfc18d37');
insert into expenses (id, amount, note, merchant, paid_on, property_id, expense_type_id) values ('6f92cefb-0e53-4f7f-84aa-f682b7b2058c', '22.52', null, 'truck rental','2016-11-28','10a3fd1f-7a26-4ec5-9e13-5837eb74d9af','f4ab7a02-36e0-4323-aad7-cf88bfc18d37');
insert into expenses (id, amount, note, merchant, paid_on, property_id, expense_type_id) values ('dcad7242-5aa5-454c-a172-cba06c51225e', '22.04', null, '','2016-12-05','10a3fd1f-7a26-4ec5-9e13-5837eb74d9af','f4ab7a02-36e0-4323-aad7-cf88bfc18d37');
insert into expenses (id, amount, note, merchant, paid_on, property_id, expense_type_id) values ('0f9c954a-1b28-4ff1-bf3d-0fdcee7a0145', '344.61', null, '','2016-12-06','10a3fd1f-7a26-4ec5-9e13-5837eb74d9af','d8a0877d-a2f2-41fb-b683-b8b916f7d219');
insert into expenses (id, amount, note, merchant, paid_on, property_id, expense_type_id) values ('dac701cb-4c96-4934-ac7d-cad11147951b', '500.0', null, 'extra','2016-12-06','10a3fd1f-7a26-4ec5-9e13-5837eb74d9af','d8a0877d-a2f2-41fb-b683-b8b916f7d219');
insert into expenses (id, amount, note, merchant, paid_on, property_id, expense_type_id) values ('952378cc-e483-4966-b70e-182d0a78fa62', '11.31', null, 'outlets','2016-12-10','10a3fd1f-7a26-4ec5-9e13-5837eb74d9af','f4ab7a02-36e0-4323-aad7-cf88bfc18d37');
insert into expenses (id, amount, note, merchant, paid_on, property_id, expense_type_id) values ('a2134f34-f832-46e8-ba96-4f6abd95940f', '5.28', null, '','2016-12-14','10a3fd1f-7a26-4ec5-9e13-5837eb74d9af','f4ab7a02-36e0-4323-aad7-cf88bfc18d37');
insert into expenses (id, amount, note, merchant, paid_on, property_id, expense_type_id) values ('4b2e638a-df8d-4a80-a374-fa7dde0b429b', '300.0', null, '','2016-12-16','10a3fd1f-7a26-4ec5-9e13-5837eb74d9af','d8a0877d-a2f2-41fb-b683-b8b916f7d219');
insert into expenses (id, amount, note, merchant, paid_on, property_id, expense_type_id) values ('0b4032df-7c72-4447-8235-d844b3c9a4a4', '145.92', null, 'Drywall stuff','2016-12-18','10a3fd1f-7a26-4ec5-9e13-5837eb74d9af','f4ab7a02-36e0-4323-aad7-cf88bfc18d37');
insert into expenses (id, amount, note, merchant, paid_on, property_id, expense_type_id) values ('8a6f85b8-ccc5-46ce-8163-7a2af87a37dd', '9.32', null, 'Goof off','2016-12-19','10a3fd1f-7a26-4ec5-9e13-5837eb74d9af','f4ab7a02-36e0-4323-aad7-cf88bfc18d37');
insert into expenses (id, amount, note, merchant, paid_on, property_id, expense_type_id) values ('f5ab6b5f-e94b-42fa-9a18-728780148a11', '500.0', null, '','2016-12-30','10a3fd1f-7a26-4ec5-9e13-5837eb74d9af','d8a0877d-a2f2-41fb-b683-b8b916f7d219');
insert into expenses (id, amount, note, merchant, paid_on, property_id, expense_type_id) values ('75108835-c5c7-4520-936a-30382c8d50e1', '344.61', null, '','2016-01-04','10a3fd1f-7a26-4ec5-9e13-5837eb74d9af','d8a0877d-a2f2-41fb-b683-b8b916f7d219');
insert into expenses (id, amount, note, merchant, paid_on, property_id, expense_type_id) values ('90f79dec-cfca-4b4b-9788-1712791feff8', '1.06', null, 'Bleach','2017-01-02','10a3fd1f-7a26-4ec5-9e13-5837eb74d9af','f4ab7a02-36e0-4323-aad7-cf88bfc18d37');
insert into expenses (id, amount, note, merchant, paid_on, property_id, expense_type_id) values ('9aad801f-d608-4354-b0ec-a95b58e75d29', '344.61', null, '','2017-01-04','10a3fd1f-7a26-4ec5-9e13-5837eb74d9af','d8a0877d-a2f2-41fb-b683-b8b916f7d219');
insert into expenses (id, amount, note, merchant, paid_on, property_id, expense_type_id) values ('62177844-d2b7-466f-b8de-2801ddf7e430', '350.0', null, '','2017-01-16','10a3fd1f-7a26-4ec5-9e13-5837eb74d9af','d8a0877d-a2f2-41fb-b683-b8b916f7d219');
insert into expenses (id, amount, note, merchant, paid_on, property_id, expense_type_id) values ('c2273131-cda1-447c-a69e-cc8af7a3f1e8', '1.37', null, '','2017-01-22','10a3fd1f-7a26-4ec5-9e13-5837eb74d9af','f4ab7a02-36e0-4323-aad7-cf88bfc18d37');
insert into expenses (id, amount, note, merchant, paid_on, property_id, expense_type_id) values ('514dc5d4-a27a-45ae-9a06-0d2c2183418a', '173.81', null, '','2017-01-22','10a3fd1f-7a26-4ec5-9e13-5837eb74d9af','f4ab7a02-36e0-4323-aad7-cf88bfc18d37');
insert into expenses (id, amount, note, merchant, paid_on, property_id, expense_type_id) values ('45dae59e-35a6-455e-9574-575ee3dd87b8', '30.4', null, 'Radiator','2017-01-27','10a3fd1f-7a26-4ec5-9e13-5837eb74d9af','f4ab7a02-36e0-4323-aad7-cf88bfc18d37');
insert into expenses (id, amount, note, merchant, paid_on, property_id, expense_type_id) values ('13aea59e-26ea-427c-8df2-558bb528ee6e', '1068.66', null, 'Electrical','2017-02-01','10a3fd1f-7a26-4ec5-9e13-5837eb74d9af','b89a33c6-ed73-48dd-9948-016a2cd8cee2');
insert into expenses (id, amount, note, merchant, paid_on, property_id, expense_type_id) values ('4a625d45-3fd5-4261-91bc-b8375e9dbefc', '130.0', null, 'Furnace cleaning','2017-02-06','10a3fd1f-7a26-4ec5-9e13-5837eb74d9af','b89a33c6-ed73-48dd-9948-016a2cd8cee2');
insert into expenses (id, amount, note, merchant, paid_on, property_id, expense_type_id) values ('d1302dbf-ae28-4503-a714-d32341b0aa14', '10.59', null, '','2017-02-10','10a3fd1f-7a26-4ec5-9e13-5837eb74d9af','f4ab7a02-36e0-4323-aad7-cf88bfc18d37');
insert into expenses (id, amount, note, merchant, paid_on, property_id, expense_type_id) values ('f2ce06df-0a50-4b90-b572-1a0bb5d63bf3', '6.35', null, '','2017-02-10','10a3fd1f-7a26-4ec5-9e13-5837eb74d9af','f4ab7a02-36e0-4323-aad7-cf88bfc18d37');
insert into expenses (id, amount, note, merchant, paid_on, property_id, expense_type_id) values ('69335725-5d15-43b3-b14b-487ebb57b3a6', '1000.0', null, '','2017-02-14','10a3fd1f-7a26-4ec5-9e13-5837eb74d9af','d8a0877d-a2f2-41fb-b683-b8b916f7d219');
insert into expenses (id, amount, note, merchant, paid_on, property_id, expense_type_id) values ('e581ec28-a544-4a74-bc62-d72afd16218c', '8.82', null, '','2017-02-15','10a3fd1f-7a26-4ec5-9e13-5837eb74d9af','105c79dd-ff18-40b7-a92e-1705c833de63');
insert into expenses (id, amount, note, merchant, paid_on, property_id, expense_type_id) values ('cdb80870-bc76-4d93-9c09-b05fd7d489b2', '133.31', null, 'Dump','2017-02-15','10a3fd1f-7a26-4ec5-9e13-5837eb74d9af','f4ab7a02-36e0-4323-aad7-cf88bfc18d37');
insert into expenses (id, amount, note, merchant, paid_on, property_id, expense_type_id) values ('4859ebfc-9d4e-4519-bbb6-06ca4bf76676', '12.6', null, 'Rental gas','2017-02-15','10a3fd1f-7a26-4ec5-9e13-5837eb74d9af','f4ab7a02-36e0-4323-aad7-cf88bfc18d37');
insert into expenses (id, amount, note, merchant, paid_on, property_id, expense_type_id) values ('b1258887-9e4f-41a6-81eb-22148b2f124f', '512.65', null, 'Bath tub','2017-02-15','10a3fd1f-7a26-4ec5-9e13-5837eb74d9af','f4ab7a02-36e0-4323-aad7-cf88bfc18d37');
insert into expenses (id, amount, note, merchant, paid_on, property_id, expense_type_id) values ('12b1321c-a091-45c0-a3ad-8f76d8ce74e1', '65.96', null, 'Drywall','2017-02-15','10a3fd1f-7a26-4ec5-9e13-5837eb74d9af','f4ab7a02-36e0-4323-aad7-cf88bfc18d37');
insert into expenses (id, amount, note, merchant, paid_on, property_id, expense_type_id) values ('ebef0617-76eb-4f5e-98df-60a53f1a77d8', '82.0', null, 'Uhaul rental','2017-02-15','10a3fd1f-7a26-4ec5-9e13-5837eb74d9af','f4ab7a02-36e0-4323-aad7-cf88bfc18d37');
insert into expenses (id, amount, note, merchant, paid_on, property_id, expense_type_id) values ('4a6430cc-f21b-49a1-8121-3d2d13b24341', '27.9', null, 'Radiator','2017-02-16','10a3fd1f-7a26-4ec5-9e13-5837eb74d9af','f4ab7a02-36e0-4323-aad7-cf88bfc18d37');
insert into expenses (id, amount, note, merchant, paid_on, property_id, expense_type_id) values ('f2d1f4f0-ac2d-49de-9801-91a6388eaf37', '20.0', null, 'Remove fridge','2017-02-16','10a3fd1f-7a26-4ec5-9e13-5837eb74d9af','b89a33c6-ed73-48dd-9948-016a2cd8cee2');
insert into expenses (id, amount, note, merchant, paid_on, property_id, expense_type_id) values ('881a9555-4086-4a29-bf41-ec1ed862afb3', '7.62', null, '','2017-02-22','10a3fd1f-7a26-4ec5-9e13-5837eb74d9af','f4ab7a02-36e0-4323-aad7-cf88bfc18d37');
insert into expenses (id, amount, note, merchant, paid_on, property_id, expense_type_id) values ('f843c54c-8eef-495e-8395-a3ac8f77fc9d', '10.59', null, '','2017-02-22','10a3fd1f-7a26-4ec5-9e13-5837eb74d9af','f4ab7a02-36e0-4323-aad7-cf88bfc18d37');
insert into expenses (id, amount, note, merchant, paid_on, property_id, expense_type_id) values ('5cfbe6e8-bf36-43bb-97a8-cb68041ffc05', '6.35', null, '','2017-02-22','10a3fd1f-7a26-4ec5-9e13-5837eb74d9af','f4ab7a02-36e0-4323-aad7-cf88bfc18d37');
insert into expenses (id, amount, note, merchant, paid_on, property_id, expense_type_id) values ('65d27bb8-3345-4cc2-9205-1064f083c8f2', '32.54', null, '','2017-02-22','10a3fd1f-7a26-4ec5-9e13-5837eb74d9af','f4ab7a02-36e0-4323-aad7-cf88bfc18d37');
insert into expenses (id, amount, note, merchant, paid_on, property_id, expense_type_id) values ('81475701-8a7e-4266-8eb5-2b4d90acb532', '20.12', null, '','2017-02-22','10a3fd1f-7a26-4ec5-9e13-5837eb74d9af','f4ab7a02-36e0-4323-aad7-cf88bfc18d37');
insert into expenses (id, amount, note, merchant, paid_on, property_id, expense_type_id) values ('cbebda79-ed71-45df-bd54-6b4dedd44d19', '6.35', null, '','2017-02-24','10a3fd1f-7a26-4ec5-9e13-5837eb74d9af','f4ab7a02-36e0-4323-aad7-cf88bfc18d37');
insert into expenses (id, amount, note, merchant, paid_on, property_id, expense_type_id) values ('89537f18-4851-4982-ac3a-d64c5c6eaedb', '38.54', null, '','2017-02-24','10a3fd1f-7a26-4ec5-9e13-5837eb74d9af','f4ab7a02-36e0-4323-aad7-cf88bfc18d37');
insert into expenses (id, amount, note, merchant, paid_on, property_id, expense_type_id) values ('f88b614f-cea9-4aa4-9fd4-e7205871148c', '30.0', null, 'Smoke alarms','2017-02-28','10a3fd1f-7a26-4ec5-9e13-5837eb74d9af','f4ab7a02-36e0-4323-aad7-cf88bfc18d37');
insert into expenses (id, amount, note, merchant, paid_on, property_id, expense_type_id) values ('3f813811-4837-42c9-8871-293c622aa8c3', '49.5', null, '','2017-02-28','10a3fd1f-7a26-4ec5-9e13-5837eb74d9af','f4ab7a02-36e0-4323-aad7-cf88bfc18d37');
insert into expenses (id, amount, note, merchant, paid_on, property_id, expense_type_id) values ('7762fcce-dab0-4861-a8d2-9ca7a843df18', '17.26', null, '','2017-02-28','10a3fd1f-7a26-4ec5-9e13-5837eb74d9af','f4ab7a02-36e0-4323-aad7-cf88bfc18d37');
insert into expenses (id, amount, note, merchant, paid_on, property_id, expense_type_id) values ('34ad3a41-3679-4bcb-ae3e-4e5089acf261', '2.36', null, '','2017-03-01','10a3fd1f-7a26-4ec5-9e13-5837eb74d9af','f4ab7a02-36e0-4323-aad7-cf88bfc18d37');
insert into expenses (id, amount, note, merchant, paid_on, property_id, expense_type_id) values ('3c2e7084-6bc5-442e-8397-6653f3e67e1f', '150.0', null, 'Gutters cleaned','2017-03-01','10a3fd1f-7a26-4ec5-9e13-5837eb74d9af','b89a33c6-ed73-48dd-9948-016a2cd8cee2');
insert into expenses (id, amount, note, merchant, paid_on, property_id, expense_type_id) values ('7f7b4b1e-bad0-43f7-8abf-64943200db79', '100.0', null, 'Ladder','2017-03-04','10a3fd1f-7a26-4ec5-9e13-5837eb74d9af','f4ab7a02-36e0-4323-aad7-cf88bfc18d37');
insert into expenses (id, amount, note, merchant, paid_on, property_id, expense_type_id) values ('589f79f0-8c43-4ba5-b082-981f3771f7b8', '70.99', null, '','2017-03-12','10a3fd1f-7a26-4ec5-9e13-5837eb74d9af','f4ab7a02-36e0-4323-aad7-cf88bfc18d37');
insert into expenses (id, amount, note, merchant, paid_on, property_id, expense_type_id) values ('a0e52050-76b6-40bd-bdf1-9a9f331f4306', '-33.66', null, 'Returned shingles','2017-03-12','10a3fd1f-7a26-4ec5-9e13-5837eb74d9af','f4ab7a02-36e0-4323-aad7-cf88bfc18d37');
insert into expenses (id, amount, note, merchant, paid_on, property_id, expense_type_id) values ('a87c6bac-4624-418a-95e4-0bb15b880ef3', '53.66', null, '','2017-03-12','10a3fd1f-7a26-4ec5-9e13-5837eb74d9af','f4ab7a02-36e0-4323-aad7-cf88bfc18d37');
insert into expenses (id, amount, note, merchant, paid_on, property_id, expense_type_id) values ('c2d4e55d-9711-427a-adad-5ee818a17bb4', '27.68', null, '','2017-03-12','10a3fd1f-7a26-4ec5-9e13-5837eb74d9af','f4ab7a02-36e0-4323-aad7-cf88bfc18d37');
insert into expenses (id, amount, note, merchant, paid_on, property_id, expense_type_id) values ('4bfc5388-ca7f-42ba-bdc9-60a97b063548', '61.07', null, '','2017-03-12','10a3fd1f-7a26-4ec5-9e13-5837eb74d9af','f4ab7a02-36e0-4323-aad7-cf88bfc18d37');
insert into expenses (id, amount, note, merchant, paid_on, property_id, expense_type_id) values ('67dcbf3e-d0ef-4564-9909-bd0524d4a4bd', '155.82', null, 'Window','2017-03-17','10a3fd1f-7a26-4ec5-9e13-5837eb74d9af','f4ab7a02-36e0-4323-aad7-cf88bfc18d37');
insert into expenses (id, amount, note, merchant, paid_on, property_id, expense_type_id) values ('a485fb68-fed8-4ad1-a47b-6ba5ba32993e', '1100.0', null, '','2017-03-10','10a3fd1f-7a26-4ec5-9e13-5837eb74d9af','d8a0877d-a2f2-41fb-b683-b8b916f7d219');
insert into expenses (id, amount, note, merchant, paid_on, property_id, expense_type_id) values ('f010a813-fcf7-4268-980d-ff153e5daa11', '2.3', null, 'Key tags','2017-03-28','10a3fd1f-7a26-4ec5-9e13-5837eb74d9af','f4ab7a02-36e0-4323-aad7-cf88bfc18d37');
insert into expenses (id, amount, note, merchant, paid_on, property_id, expense_type_id) values ('a3d1916c-16fc-4dbb-9691-9dd4ab08a428', '36.82', null, '','2017-03-29','10a3fd1f-7a26-4ec5-9e13-5837eb74d9af','f4ab7a02-36e0-4323-aad7-cf88bfc18d37');
insert into expenses (id, amount, note, merchant, paid_on, property_id, expense_type_id) values ('c4821f87-1206-4ac5-bcb7-48b79ebb2bb3', '344.61', null, '','2017-04-04','10a3fd1f-7a26-4ec5-9e13-5837eb74d9af','d8a0877d-a2f2-41fb-b683-b8b916f7d219');
insert into expenses (id, amount, note, merchant, paid_on, property_id, expense_type_id) values ('fca0a9f7-6788-4f6d-af4b-5c3faae64f9f', '11.21', null, '','2017-04-09','10a3fd1f-7a26-4ec5-9e13-5837eb74d9af','f4ab7a02-36e0-4323-aad7-cf88bfc18d37');
insert into expenses (id, amount, note, merchant, paid_on, property_id, expense_type_id) values ('22745916-0182-4b68-8d3a-13631cba42af', '344.61', null, '','2017-04-04','10a3fd1f-7a26-4ec5-9e13-5837eb74d9af','d8a0877d-a2f2-41fb-b683-b8b916f7d219');
insert into expenses (id, amount, note, merchant, paid_on, property_id, expense_type_id) values ('62d085ed-e768-4db3-9795-e7b2fd9e77d1', '344.61', null, '','2017-03-04','10a3fd1f-7a26-4ec5-9e13-5837eb74d9af','d8a0877d-a2f2-41fb-b683-b8b916f7d219');
insert into expenses (id, amount, note, merchant, paid_on, property_id, expense_type_id) values ('37ecf3f0-16a5-4ebd-8469-fb1ee251b4dc', '1000.0', null, '','2017-04-12','10a3fd1f-7a26-4ec5-9e13-5837eb74d9af','d8a0877d-a2f2-41fb-b683-b8b916f7d219');
insert into expenses (id, amount, note, merchant, paid_on, property_id, expense_type_id) values ('8f99a40e-2244-4350-a467-67f23abfe162', '5.49', null, '','2017-04-19','10a3fd1f-7a26-4ec5-9e13-5837eb74d9af','f4ab7a02-36e0-4323-aad7-cf88bfc18d37');
insert into expenses (id, amount, note, merchant, paid_on, property_id, expense_type_id) values ('0df325a3-8d4c-4532-ba6a-d8642825fe48', '1000.0', null, '','2017-04-21','10a3fd1f-7a26-4ec5-9e13-5837eb74d9af','d8a0877d-a2f2-41fb-b683-b8b916f7d219');
insert into expenses (id, amount, note, merchant, paid_on, property_id, expense_type_id) values ('700d59d1-1c94-4fe1-acb5-981e7caf7d36', '59.93', null, 'Baseboard cover','2017-04-22','10a3fd1f-7a26-4ec5-9e13-5837eb74d9af','f4ab7a02-36e0-4323-aad7-cf88bfc18d37');
insert into expenses (id, amount, note, merchant, paid_on, property_id, expense_type_id) values ('bfc818af-774d-4f1d-bd1a-29cbb7b0a0cd', '285.8', null, 'Bathroom floor and paint','2017-04-24','10a3fd1f-7a26-4ec5-9e13-5837eb74d9af','f4ab7a02-36e0-4323-aad7-cf88bfc18d37');
insert into expenses (id, amount, note, merchant, paid_on, property_id, expense_type_id) values ('7c28be0c-585e-424e-8e57-a58d59d2e2a7', '881.0', null, '','2017-05-05','10a3fd1f-7a26-4ec5-9e13-5837eb74d9af','f4ab7a02-36e0-4323-aad7-cf88bfc18d37');
insert into expenses (id, amount, note, merchant, paid_on, property_id, expense_type_id) values ('7e13506a-6eb0-4e39-b7b8-65e695806dfd', '5.04', null, 'Expedition gas','2017-05-06','10a3fd1f-7a26-4ec5-9e13-5837eb74d9af','105c79dd-ff18-40b7-a92e-1705c833de63');
insert into expenses (id, amount, note, merchant, paid_on, property_id, expense_type_id) values ('0186ac3c-954c-4885-ba8f-401e6ad37a29', '344.61', null, '','2017-05-06','10a3fd1f-7a26-4ec5-9e13-5837eb74d9af','d8a0877d-a2f2-41fb-b683-b8b916f7d219');
insert into expenses (id, amount, note, merchant, paid_on, property_id, expense_type_id) values ('5f8be199-61b1-4a0e-94b2-b0af230e5572', '800.0', null, '','2017-05-06','10a3fd1f-7a26-4ec5-9e13-5837eb74d9af','d8a0877d-a2f2-41fb-b683-b8b916f7d219');
insert into expenses (id, amount, note, merchant, paid_on, property_id, expense_type_id) values ('2dfeeeb9-3fa7-4303-b67f-954f7cd3b77f', '19.0', null, 'radio','2017-05-12','10a3fd1f-7a26-4ec5-9e13-5837eb74d9af','f4ab7a02-36e0-4323-aad7-cf88bfc18d37');
insert into expenses (id, amount, note, merchant, paid_on, property_id, expense_type_id) values ('4f7f5036-b4b5-4b12-be38-f797c856758c', '1.76', null, '','2017-05-14','10a3fd1f-7a26-4ec5-9e13-5837eb74d9af','f4ab7a02-36e0-4323-aad7-cf88bfc18d37');
insert into expenses (id, amount, note, merchant, paid_on, property_id, expense_type_id) values ('5be22cfa-2a4f-4b3b-b895-e4ee9db9b198', '1000.0', null, '','2017-05-23','10a3fd1f-7a26-4ec5-9e13-5837eb74d9af','d8a0877d-a2f2-41fb-b683-b8b916f7d219');
insert into expenses (id, amount, note, merchant, paid_on, property_id, expense_type_id) values ('06de6019-005f-4a74-a4b6-b847217ddee9', '700.0', null, '','2017-06-02','10a3fd1f-7a26-4ec5-9e13-5837eb74d9af','d8a0877d-a2f2-41fb-b683-b8b916f7d219');
insert into expenses (id, amount, note, merchant, paid_on, property_id, expense_type_id) values ('95f12b63-7e94-462f-ab72-324977ebf3bf', '700.0', null, 'Double payment','2017-06-02','10a3fd1f-7a26-4ec5-9e13-5837eb74d9af','d8a0877d-a2f2-41fb-b683-b8b916f7d219');
insert into expenses (id, amount, note, merchant, paid_on, property_id, expense_type_id) values ('2699fa20-7e9a-45dc-80c8-773446a73f2f', '8.99', null, '','2017-06-10','10a3fd1f-7a26-4ec5-9e13-5837eb74d9af','f4ab7a02-36e0-4323-aad7-cf88bfc18d37');
insert into expenses (id, amount, note, merchant, paid_on, property_id, expense_type_id) values ('e04da8a4-b259-4e1a-9231-8296c1c1f7ab', '344.61', null, '','2017-06-10','10a3fd1f-7a26-4ec5-9e13-5837eb74d9af','d8a0877d-a2f2-41fb-b683-b8b916f7d219');
insert into expenses (id, amount, note, merchant, paid_on, property_id, expense_type_id) values ('acf91b1c-790d-4271-82e8-f2132e5977e2', '9.53', null, '','2017-06-19','10a3fd1f-7a26-4ec5-9e13-5837eb74d9af','f4ab7a02-36e0-4323-aad7-cf88bfc18d37');
insert into expenses (id, amount, note, merchant, paid_on, property_id, expense_type_id) values ('c8473291-af39-4a11-9be5-dc0ab1ed117a', '34.32', null, '','2017-06-22','10a3fd1f-7a26-4ec5-9e13-5837eb74d9af','f4ab7a02-36e0-4323-aad7-cf88bfc18d37');
insert into expenses (id, amount, note, merchant, paid_on, property_id, expense_type_id) values ('8f19dfdd-ac55-40e6-b6d3-05bbdece006e', '285.8', null, '','2017-06-22','10a3fd1f-7a26-4ec5-9e13-5837eb74d9af','f4ab7a02-36e0-4323-aad7-cf88bfc18d37');
insert into expenses (id, amount, note, merchant, paid_on, property_id, expense_type_id) values ('1e919d03-b38a-44ba-a205-19c818e96bbf', '13.75', null, '','2017-06-30','10a3fd1f-7a26-4ec5-9e13-5837eb74d9af','f4ab7a02-36e0-4323-aad7-cf88bfc18d37');
insert into expenses (id, amount, note, merchant, paid_on, property_id, expense_type_id) values ('3e8b7449-2e01-4a08-8b4e-7613836d0ea8', '18.66', null, '','2017-06-30','10a3fd1f-7a26-4ec5-9e13-5837eb74d9af','f4ab7a02-36e0-4323-aad7-cf88bfc18d37');
insert into expenses (id, amount, note, merchant, paid_on, property_id, expense_type_id) values ('f97bde15-21dd-4087-88d2-fd6e30e2af28', '8.88', null, '','2017-07-03','10a3fd1f-7a26-4ec5-9e13-5837eb74d9af','f4ab7a02-36e0-4323-aad7-cf88bfc18d37');
insert into expenses (id, amount, note, merchant, paid_on, property_id, expense_type_id) values ('a046c1a6-ec86-49f3-b193-611b1cd4b57a', '300.0', null, '','2017-07-03','10a3fd1f-7a26-4ec5-9e13-5837eb74d9af','d8a0877d-a2f2-41fb-b683-b8b916f7d219');
insert into expenses (id, amount, note, merchant, paid_on, property_id, expense_type_id) values ('8e4adfe9-591b-441c-8393-696079000e10', '111.54', null, 'Miter saw','2017-07-05','10a3fd1f-7a26-4ec5-9e13-5837eb74d9af','f4ab7a02-36e0-4323-aad7-cf88bfc18d37');
insert into expenses (id, amount, note, merchant, paid_on, property_id, expense_type_id) values ('56337a30-aa1d-448f-b32e-a2eb49fa5593', '344.61', null, '','2017-07-07','10a3fd1f-7a26-4ec5-9e13-5837eb74d9af','d8a0877d-a2f2-41fb-b683-b8b916f7d219');
insert into expenses (id, amount, note, merchant, paid_on, property_id, expense_type_id) values ('c39fb139-3cea-431b-acf8-9ad72d9df28f', '20.13', null, '','2017-07-07','10a3fd1f-7a26-4ec5-9e13-5837eb74d9af','f4ab7a02-36e0-4323-aad7-cf88bfc18d37');
insert into expenses (id, amount, note, merchant, paid_on, property_id, expense_type_id) values ('9ba51750-dcc6-4d19-84c9-6d2be062ce43', '1000.0', null, '','2017-07-14','10a3fd1f-7a26-4ec5-9e13-5837eb74d9af','d8a0877d-a2f2-41fb-b683-b8b916f7d219');
insert into expenses (id, amount, note, merchant, paid_on, property_id, expense_type_id) values ('02c806a9-b344-4dfa-9933-48d605f365fc', '66.64', null, '','2017-07-16','10a3fd1f-7a26-4ec5-9e13-5837eb74d9af','f4ab7a02-36e0-4323-aad7-cf88bfc18d37');
insert into expenses (id, amount, note, merchant, paid_on, property_id, expense_type_id) values ('1c1a3a2a-5c02-4eaf-9b2f-0a89006d8149', '57.52', null, '','2017-07-07','10a3fd1f-7a26-4ec5-9e13-5837eb74d9af','f4ab7a02-36e0-4323-aad7-cf88bfc18d37');
insert into expenses (id, amount, note, merchant, paid_on, property_id, expense_type_id) values ('b07745b4-6c10-407b-9192-15388c04ddfa', '4.22', null, '','2017-07-08','10a3fd1f-7a26-4ec5-9e13-5837eb74d9af','f4ab7a02-36e0-4323-aad7-cf88bfc18d37');
insert into expenses (id, amount, note, merchant, paid_on, property_id, expense_type_id) values ('bd7e2024-fb89-42c5-9d3a-b2a10f82bc15', '4.02', null, '','2017-07-20','10a3fd1f-7a26-4ec5-9e13-5837eb74d9af','f4ab7a02-36e0-4323-aad7-cf88bfc18d37');
insert into expenses (id, amount, note, merchant, paid_on, property_id, expense_type_id) values ('ed50bf04-ea96-4512-8512-777a5b9a08af', '9.86', null, '','2017-07-15','10a3fd1f-7a26-4ec5-9e13-5837eb74d9af','f4ab7a02-36e0-4323-aad7-cf88bfc18d37');
insert into expenses (id, amount, note, merchant, paid_on, property_id, expense_type_id) values ('0a96cfb3-4119-45a7-9711-bb8f8acc68ab', '7.38', null, 'gas for mower','2017-07-27','10a3fd1f-7a26-4ec5-9e13-5837eb74d9af','f4ab7a02-36e0-4323-aad7-cf88bfc18d37');
insert into expenses (id, amount, note, merchant, paid_on, property_id, expense_type_id) values ('c5b77c2d-eac0-40f6-b6ad-a2c1bb6f8089', '102.22', null, 'Dump','2017-08-05','10a3fd1f-7a26-4ec5-9e13-5837eb74d9af','f4ab7a02-36e0-4323-aad7-cf88bfc18d37');
insert into expenses (id, amount, note, merchant, paid_on, property_id, expense_type_id) values ('2cc0e807-e211-4840-bf36-e2bb1efbe25c', '344.61', null, '','2017-08-05','10a3fd1f-7a26-4ec5-9e13-5837eb74d9af','d8a0877d-a2f2-41fb-b683-b8b916f7d219');
insert into expenses (id, amount, note, merchant, paid_on, property_id, expense_type_id) values ('ec0c8dd5-f912-4c7a-9352-b38402a16dce', '83.01', null, '','2017-08-12','10a3fd1f-7a26-4ec5-9e13-5837eb74d9af','f4ab7a02-36e0-4323-aad7-cf88bfc18d37');
insert into expenses (id, amount, note, merchant, paid_on, property_id, expense_type_id) values ('2709bb27-fd77-4cf3-8219-6141c1dc0cb9', '21.2', null, '','2017-07-17','10a3fd1f-7a26-4ec5-9e13-5837eb74d9af','f4ab7a02-36e0-4323-aad7-cf88bfc18d37');
insert into expenses (id, amount, note, merchant, paid_on, property_id, expense_type_id) values ('91122ff3-a89a-47dd-a818-67bbabaefa00', '6.78', null, '','2017-07-22','10a3fd1f-7a26-4ec5-9e13-5837eb74d9af','f4ab7a02-36e0-4323-aad7-cf88bfc18d37');
insert into expenses (id, amount, note, merchant, paid_on, property_id, expense_type_id) values ('0067069e-6dac-426a-a373-844b97950a86', '1500.0', null, '','2017-08-12','10a3fd1f-7a26-4ec5-9e13-5837eb74d9af','d8a0877d-a2f2-41fb-b683-b8b916f7d219');
insert into expenses (id, amount, note, merchant, paid_on, property_id, expense_type_id) values ('ddebcb79-2b5f-4d74-9e21-5fd0682c3f62', '104.08', null, '','2017-08-19','10a3fd1f-7a26-4ec5-9e13-5837eb74d9af','f4ab7a02-36e0-4323-aad7-cf88bfc18d37');
insert into expenses (id, amount, note, merchant, paid_on, property_id, expense_type_id) values ('e368d9ba-8ec9-4135-9ba0-f854b6febb65', '12.78', null, 'cvs - cut hand','2017-08-20','10a3fd1f-7a26-4ec5-9e13-5837eb74d9af','f4ab7a02-36e0-4323-aad7-cf88bfc18d37');
insert into expenses (id, amount, note, merchant, paid_on, property_id, expense_type_id) values ('de2d5475-372a-4560-bcc1-50b98aa29e46', '30.0', null, 'ebay fan shade','2017-08-23','10a3fd1f-7a26-4ec5-9e13-5837eb74d9af','f4ab7a02-36e0-4323-aad7-cf88bfc18d37');
insert into expenses (id, amount, note, merchant, paid_on, property_id, expense_type_id) values ('97e9e7ca-01c4-4f1a-8fc6-99224f23dec9', '59.32', null, 'floor paint','2017-08-23','10a3fd1f-7a26-4ec5-9e13-5837eb74d9af','f4ab7a02-36e0-4323-aad7-cf88bfc18d37');
insert into expenses (id, amount, note, merchant, paid_on, property_id, expense_type_id) values ('32b6cf25-75ac-48cf-876c-d62b9ffeafe7', '15.77', null, 'mop and bucket','2017-08-23','10a3fd1f-7a26-4ec5-9e13-5837eb74d9af','f4ab7a02-36e0-4323-aad7-cf88bfc18d37');
insert into expenses (id, amount, note, merchant, paid_on, property_id, expense_type_id) values ('4791ee9d-ab94-4728-baad-41ee8f9b5029', '1264.58', null, 'Cabinets and countertop','2017-09-13','10a3fd1f-7a26-4ec5-9e13-5837eb74d9af','f4ab7a02-36e0-4323-aad7-cf88bfc18d37');
insert into expenses (id, amount, note, merchant, paid_on, property_id, expense_type_id) values ('b3b5c94e-7d01-4981-96f5-b756207192b8', '41.8', null, '','2017-09-18','10a3fd1f-7a26-4ec5-9e13-5837eb74d9af','f4ab7a02-36e0-4323-aad7-cf88bfc18d37');
insert into expenses (id, amount, note, merchant, paid_on, property_id, expense_type_id) values ('6c53ff47-332d-4ffd-b178-92a10b5041bb', '1.89', null, 'Petro','2017-09-29','10a3fd1f-7a26-4ec5-9e13-5837eb74d9af','f4ab7a02-36e0-4323-aad7-cf88bfc18d37');
insert into expenses (id, amount, note, merchant, paid_on, property_id, expense_type_id) values ('b244b838-f287-403e-871a-37137f90abb0', '20.8', null, 'Home Depot','2017-09-20','10a3fd1f-7a26-4ec5-9e13-5837eb74d9af','f4ab7a02-36e0-4323-aad7-cf88bfc18d37');
insert into expenses (id, amount, note, merchant, paid_on, property_id, expense_type_id) values ('b0ff585e-f9ec-4900-aeb6-73a471815f4c', '13.13', null, '','2017-09-22','10a3fd1f-7a26-4ec5-9e13-5837eb74d9af','f4ab7a02-36e0-4323-aad7-cf88bfc18d37');
insert into expenses (id, amount, note, merchant, paid_on, property_id, expense_type_id) values ('b39dd9ae-6b93-45d0-8eca-0c7d166370b1', '300.0', null, 'J and J','2017-10-04','10a3fd1f-7a26-4ec5-9e13-5837eb74d9af','b89a33c6-ed73-48dd-9948-016a2cd8cee2');
insert into expenses (id, amount, note, merchant, paid_on, property_id, expense_type_id) values ('3dea5250-3194-4460-8496-af984d7736ee', '990.0', null, 'Concrete floor','2017-10-06','10a3fd1f-7a26-4ec5-9e13-5837eb74d9af','b89a33c6-ed73-48dd-9948-016a2cd8cee2');
insert into expenses (id, amount, note, merchant, paid_on, property_id, expense_type_id) values ('b8a121e2-2127-4ce2-856e-649c2575445c', '113.24', null, 'Home Depot','2017-10-01','10a3fd1f-7a26-4ec5-9e13-5837eb74d9af','f4ab7a02-36e0-4323-aad7-cf88bfc18d37');
insert into expenses (id, amount, note, merchant, paid_on, property_id, expense_type_id) values ('5c051bf4-108a-4362-aac9-867ebe17db1a', '500.0', null, 'J and J','2017-10-04','10a3fd1f-7a26-4ec5-9e13-5837eb74d9af','b89a33c6-ed73-48dd-9948-016a2cd8cee2');
insert into expenses (id, amount, note, merchant, paid_on, property_id, expense_type_id) values ('6f688fc7-3f80-4944-9d24-76a34a93c660', '12.71', null, 'Driscolls','2017-10-01','10a3fd1f-7a26-4ec5-9e13-5837eb74d9af','f4ab7a02-36e0-4323-aad7-cf88bfc18d37');
insert into expenses (id, amount, note, merchant, paid_on, property_id, expense_type_id) values ('d914d96d-161d-4bcd-a6ab-43ee6b81383c', '38.79', null, 'Uhaul','2017-10-02','10a3fd1f-7a26-4ec5-9e13-5837eb74d9af','f4ab7a02-36e0-4323-aad7-cf88bfc18d37');
insert into expenses (id, amount, note, merchant, paid_on, property_id, expense_type_id) values ('e8b2e69f-637b-45e3-8591-6668441f512b', '1500.0', null, 'J and J','2017-10-14','10a3fd1f-7a26-4ec5-9e13-5837eb74d9af','b89a33c6-ed73-48dd-9948-016a2cd8cee2');
insert into expenses (id, amount, note, merchant, paid_on, property_id, expense_type_id) values ('2f53b0eb-ed4c-4270-ade6-4f52dc39f04c', '280.0', null, 'install cabs NO RECEIPT','2017-10-20','10a3fd1f-7a26-4ec5-9e13-5837eb74d9af','b89a33c6-ed73-48dd-9948-016a2cd8cee2');
insert into expenses (id, amount, note, merchant, paid_on, property_id, expense_type_id) values ('a127919e-67f4-46a0-a2e9-454a30bd0de0', '5.29', null, 'Petro','2017-10-21','10a3fd1f-7a26-4ec5-9e13-5837eb74d9af','f4ab7a02-36e0-4323-aad7-cf88bfc18d37');
insert into expenses (id, amount, note, merchant, paid_on, property_id, expense_type_id) values ('1415c269-1e19-4d60-aa7f-52c4f6659898', '21.19', null, 'Petro','2017-10-21','10a3fd1f-7a26-4ec5-9e13-5837eb74d9af','f4ab7a02-36e0-4323-aad7-cf88bfc18d37');
insert into expenses (id, amount, note, merchant, paid_on, property_id, expense_type_id) values ('f377cdb6-f039-44d7-9fc2-ecc05a1f3cb9', '25.94', null, 'Home Depot','2017-10-22','10a3fd1f-7a26-4ec5-9e13-5837eb74d9af','f4ab7a02-36e0-4323-aad7-cf88bfc18d37');
insert into expenses (id, amount, note, merchant, paid_on, property_id, expense_type_id) values ('88e9a729-057a-4f7d-b988-690bbd35d630', '9.53', null, 'Petro','2017-10-18','10a3fd1f-7a26-4ec5-9e13-5837eb74d9af','f4ab7a02-36e0-4323-aad7-cf88bfc18d37');
insert into expenses (id, amount, note, merchant, paid_on, property_id, expense_type_id) values ('d2720208-b963-424b-84b4-045e6386209c', '48.32', null, 'lumber','2017-10-29','10a3fd1f-7a26-4ec5-9e13-5837eb74d9af','f4ab7a02-36e0-4323-aad7-cf88bfc18d37');
insert into expenses (id, amount, note, merchant, paid_on, property_id, expense_type_id) values ('b3f9c64f-f26a-4191-b67d-ab8c61973e28', '100.0', null, 'dish washer','2017-11-08','10a3fd1f-7a26-4ec5-9e13-5837eb74d9af','f4ab7a02-36e0-4323-aad7-cf88bfc18d37');
insert into expenses (id, amount, note, merchant, paid_on, property_id, expense_type_id) values ('a792aece-26d2-41b2-b242-b46ba702eda9', '28.29', null, 'home depot','2017-11-10','10a3fd1f-7a26-4ec5-9e13-5837eb74d9af','f4ab7a02-36e0-4323-aad7-cf88bfc18d37');
insert into expenses (id, amount, note, merchant, paid_on, property_id, expense_type_id) values ('6979cb6f-b746-4d53-b48c-911c67c34120', '12.7', null, 'petro','2017-11-11','10a3fd1f-7a26-4ec5-9e13-5837eb74d9af','f4ab7a02-36e0-4323-aad7-cf88bfc18d37');
insert into expenses (id, amount, note, merchant, paid_on, property_id, expense_type_id) values ('e6a9d8c2-bbb3-4630-8848-a61b709319f4', '17.46', null, 'home depot','2017-11-09','10a3fd1f-7a26-4ec5-9e13-5837eb74d9af','f4ab7a02-36e0-4323-aad7-cf88bfc18d37');
insert into expenses (id, amount, note, merchant, paid_on, property_id, expense_type_id) values ('c4ec1382-4af2-49e4-a304-4e546c742893', '70.0', null, 'Furnace','2017-11-13','10a3fd1f-7a26-4ec5-9e13-5837eb74d9af','b89a33c6-ed73-48dd-9948-016a2cd8cee2');
insert into expenses (id, amount, note, merchant, paid_on, property_id, expense_type_id) values ('7ad3ad70-3dd0-4470-9df8-9a09b9bdbc82', '119.0', null, 'Pipes leaking','2017-11-13','10a3fd1f-7a26-4ec5-9e13-5837eb74d9af','b89a33c6-ed73-48dd-9948-016a2cd8cee2');
insert into expenses (id, amount, note, merchant, paid_on, property_id, expense_type_id) values ('6dc0bcd9-cfe4-4e03-8017-25ce096d56a8', '3.23', null, '','2017-11-18','10a3fd1f-7a26-4ec5-9e13-5837eb74d9af','f4ab7a02-36e0-4323-aad7-cf88bfc18d37');
insert into expenses (id, amount, note, merchant, paid_on, property_id, expense_type_id) values ('04db9190-ae00-4af0-b31e-bdb3d0aeb780', '12.72', null, 'tool rental','2017-11-21','10a3fd1f-7a26-4ec5-9e13-5837eb74d9af','f4ab7a02-36e0-4323-aad7-cf88bfc18d37');
insert into expenses (id, amount, note, merchant, paid_on, property_id, expense_type_id) values ('791bacba-ca4d-437f-a1fe-09ada157de36', '6.15', null, '','2017-12-03','10a3fd1f-7a26-4ec5-9e13-5837eb74d9af','f4ab7a02-36e0-4323-aad7-cf88bfc18d37');
insert into expenses (id, amount, note, merchant, paid_on, property_id, expense_type_id) values ('a7cb83e1-3513-40c5-aabe-ed0d862f0e77', '25.67', null, 'Electric','2017-04-17','10a3fd1f-7a26-4ec5-9e13-5837eb74d9af','85586c4b-76c1-4829-aafe-182066911124');
insert into expenses (id, amount, note, merchant, paid_on, property_id, expense_type_id) values ('341aec22-1fd2-4f37-bb74-4eecc0c1c5dd', '74.14', null, 'Uhaul','2017-12-06','10a3fd1f-7a26-4ec5-9e13-5837eb74d9af','f4ab7a02-36e0-4323-aad7-cf88bfc18d37');
insert into expenses (id, amount, note, merchant, paid_on, property_id, expense_type_id) values ('971b9520-2046-4fe1-b063-281638f1c970', '116.45', null, 'dump','2017-12-07','10a3fd1f-7a26-4ec5-9e13-5837eb74d9af','f4ab7a02-36e0-4323-aad7-cf88bfc18d37');
insert into expenses (id, amount, note, merchant, paid_on, property_id, expense_type_id) values ('923cd37b-f6d0-4e7e-a63c-61f18dba8732', '466.35', null, 'stove','2017-12-07','10a3fd1f-7a26-4ec5-9e13-5837eb74d9af','f4ab7a02-36e0-4323-aad7-cf88bfc18d37');
insert into expenses (id, amount, note, merchant, paid_on, property_id, expense_type_id) values ('5b9ceb66-02aa-4b31-9a0e-9cb9543807c6', '6.15', null, 'home depot','2017-12-04','10a3fd1f-7a26-4ec5-9e13-5837eb74d9af','f4ab7a02-36e0-4323-aad7-cf88bfc18d37');
insert into expenses (id, amount, note, merchant, paid_on, property_id, expense_type_id) values ('3c955de3-adef-4ddb-9dd5-19daf72fa6b6', '10.46', null, 'uhaul gas no receipt','2017-12-07','10a3fd1f-7a26-4ec5-9e13-5837eb74d9af','f4ab7a02-36e0-4323-aad7-cf88bfc18d37');
insert into expenses (id, amount, note, merchant, paid_on, property_id, expense_type_id) values ('24298aa4-ecc1-4699-b4b4-58314574034c', '193.35', null, 'propane install','2017-12-16','10a3fd1f-7a26-4ec5-9e13-5837eb74d9af','f4ab7a02-36e0-4323-aad7-cf88bfc18d37');
insert into expenses (id, amount, note, merchant, paid_on, property_id, expense_type_id) values ('17eae602-c530-4040-b12c-58f82b89b8d8', '73.65', null, 'home depot','2017-11-25','10a3fd1f-7a26-4ec5-9e13-5837eb74d9af','f4ab7a02-36e0-4323-aad7-cf88bfc18d37');
insert into expenses (id, amount, note, merchant, paid_on, property_id, expense_type_id) values ('3fac3e1e-1def-4ff8-9efc-d8859b058520', '96.28', null, 'uhaul rental','2017-12-20','10a3fd1f-7a26-4ec5-9e13-5837eb74d9af','f4ab7a02-36e0-4323-aad7-cf88bfc18d37');
insert into expenses (id, amount, note, merchant, paid_on, property_id, expense_type_id) values ('a44de868-4903-4c3b-bf27-e964fcb0b1bc', '70.81', null, 'dump','2017-12-20','10a3fd1f-7a26-4ec5-9e13-5837eb74d9af','f4ab7a02-36e0-4323-aad7-cf88bfc18d37');
insert into expenses (id, amount, note, merchant, paid_on, property_id, expense_type_id) values ('a17f12af-34aa-4743-a082-215ab66267d8', '81.03', null, 'dump','2017-12-20','10a3fd1f-7a26-4ec5-9e13-5837eb74d9af','f4ab7a02-36e0-4323-aad7-cf88bfc18d37');
insert into expenses (id, amount, note, merchant, paid_on, property_id, expense_type_id) values ('dc4d51b5-0b30-4198-8a86-d95a208757ae', '23.28', null, 'lowes','2017-12-23','10a3fd1f-7a26-4ec5-9e13-5837eb74d9af','f4ab7a02-36e0-4323-aad7-cf88bfc18d37');
insert into expenses (id, amount, note, merchant, paid_on, property_id, expense_type_id) values ('7ea3b4c6-052e-4d84-acef-fa076f2d3966', '20.51', null, 'petro','2018-01-13','10a3fd1f-7a26-4ec5-9e13-5837eb74d9af','f4ab7a02-36e0-4323-aad7-cf88bfc18d37');
insert into expenses (id, amount, note, merchant, paid_on, property_id, expense_type_id) values ('c54d56f7-013a-4e46-80a9-af07bf82c1c6', '146.74', null, 'HD','2017-12-27','10a3fd1f-7a26-4ec5-9e13-5837eb74d9af','f4ab7a02-36e0-4323-aad7-cf88bfc18d37');
insert into expenses (id, amount, note, merchant, paid_on, property_id, expense_type_id) values ('5f48ecbc-7de9-4910-a55d-8297c03a071a', '492.35', null, 'HD','2018-01-14','10a3fd1f-7a26-4ec5-9e13-5837eb74d9af','f4ab7a02-36e0-4323-aad7-cf88bfc18d37');
insert into expenses (id, amount, note, merchant, paid_on, property_id, expense_type_id) values ('e95566c4-d35a-4b28-9eb7-e123fa9301e2', '529.95', null, 'fridge voitek','2018-01-14','10a3fd1f-7a26-4ec5-9e13-5837eb74d9af','f4ab7a02-36e0-4323-aad7-cf88bfc18d37');
insert into expenses (id, amount, note, merchant, paid_on, property_id, expense_type_id) values ('a066bdce-6ac9-45bb-8416-7712433274b4', '12.72', null, 'floor roller rental','2018-01-15','10a3fd1f-7a26-4ec5-9e13-5837eb74d9af','f4ab7a02-36e0-4323-aad7-cf88bfc18d37');
insert into expenses (id, amount, note, merchant, paid_on, property_id, expense_type_id) values ('871033ac-dd5b-4e58-b615-9bea3d688cd9', '55.65', null, 'hook up stove MG','2017-12-27','10a3fd1f-7a26-4ec5-9e13-5837eb74d9af','b89a33c6-ed73-48dd-9948-016a2cd8cee2');
insert into expenses (id, amount, note, merchant, paid_on, property_id, expense_type_id) values ('c4dd6d00-1800-476e-877e-205b7371a221', '72.62', null, 'blinds','2018-01-18','10a3fd1f-7a26-4ec5-9e13-5837eb74d9af','f4ab7a02-36e0-4323-aad7-cf88bfc18d37');
insert into expenses (id, amount, note, merchant, paid_on, property_id, expense_type_id) values ('d9b7c7a6-a90b-4f33-8796-75383a1090bc', '26.48', null, 'shower faucet cartridge','2018-01-20','10a3fd1f-7a26-4ec5-9e13-5837eb74d9af','f4ab7a02-36e0-4323-aad7-cf88bfc18d37');
insert into expenses (id, amount, note, merchant, paid_on, property_id, expense_type_id) values ('792fba65-c633-4022-b97c-0911a0abc9cd', '46.85', null, 'HD','2018-01-27','10a3fd1f-7a26-4ec5-9e13-5837eb74d9af','f4ab7a02-36e0-4323-aad7-cf88bfc18d37');
insert into expenses (id, amount, note, merchant, paid_on, property_id, expense_type_id) values ('265947fb-fe1e-4098-8bdc-0a5d30cfc090', '3.08', null, 'Electric bill','2016-11-03','10a3fd1f-7a26-4ec5-9e13-5837eb74d9af','85586c4b-76c1-4829-aafe-182066911124');
insert into expenses (id, amount, note, merchant, paid_on, property_id, expense_type_id) values ('f4ee27e6-1596-4964-a268-ef3fe58dd21a', '40.66', null, 'Water bill','2016-11-08','10a3fd1f-7a26-4ec5-9e13-5837eb74d9af','85586c4b-76c1-4829-aafe-182066911124');
insert into expenses (id, amount, note, merchant, paid_on, property_id, expense_type_id) values ('e6d88c16-631c-4df1-8021-5fabde4f8249', '22.42', null, 'Electric bill','2016-11-28','10a3fd1f-7a26-4ec5-9e13-5837eb74d9af','85586c4b-76c1-4829-aafe-182066911124');
insert into expenses (id, amount, note, merchant, paid_on, property_id, expense_type_id) values ('c8db5ff5-bf18-466b-bb42-bf867688732d', '17.68', null, 'Water bill','2016-12-27','10a3fd1f-7a26-4ec5-9e13-5837eb74d9af','85586c4b-76c1-4829-aafe-182066911124');
insert into expenses (id, amount, note, merchant, paid_on, property_id, expense_type_id) values ('7a639516-6522-497b-a584-d13c7736b3d5', '235.0', null, 'Oil','2017-01-01','10a3fd1f-7a26-4ec5-9e13-5837eb74d9af','85586c4b-76c1-4829-aafe-182066911124');
insert into expenses (id, amount, note, merchant, paid_on, property_id, expense_type_id) values ('d53ce619-80f8-4584-b315-66d96fbad456', '17.28', null, 'Electric','2017-01-19','10a3fd1f-7a26-4ec5-9e13-5837eb74d9af','85586c4b-76c1-4829-aafe-182066911124');
insert into expenses (id, amount, note, merchant, paid_on, property_id, expense_type_id) values ('9fd94c00-b20f-4df5-9415-aa998a78b999', '211.44', null, 'Sewer Bill','2017-01-20','10a3fd1f-7a26-4ec5-9e13-5837eb74d9af','85586c4b-76c1-4829-aafe-182066911124');
insert into expenses (id, amount, note, merchant, paid_on, property_id, expense_type_id) values ('63dd1719-3e9d-442e-b771-9c9020071432', '17.2', null, 'Water','2017-01-30','10a3fd1f-7a26-4ec5-9e13-5837eb74d9af','85586c4b-76c1-4829-aafe-182066911124');
insert into expenses (id, amount, note, merchant, paid_on, property_id, expense_type_id) values ('9c0d6880-4206-4741-8558-a5a6cede7b9f', '411.8', null, 'Oil for both sides','2017-02-08','10a3fd1f-7a26-4ec5-9e13-5837eb74d9af','85586c4b-76c1-4829-aafe-182066911124');
insert into expenses (id, amount, note, merchant, paid_on, property_id, expense_type_id) values ('841ce31a-79a0-4739-9a9d-d62f69fd42b1', '16.11', null, 'Water bill','2017-02-27','10a3fd1f-7a26-4ec5-9e13-5837eb74d9af','85586c4b-76c1-4829-aafe-182066911124');
insert into expenses (id, amount, note, merchant, paid_on, property_id, expense_type_id) values ('ab9d4ab4-2a4c-47d5-9a9d-ba72f2c72c64', '19.92', null, 'Electric','2017-02-15','10a3fd1f-7a26-4ec5-9e13-5837eb74d9af','85586c4b-76c1-4829-aafe-182066911124');
insert into expenses (id, amount, note, merchant, paid_on, property_id, expense_type_id) values ('59da24aa-0d87-4dbb-98c1-fe424ff1cf66', '16.11', null, 'Water bill','2017-02-28','10a3fd1f-7a26-4ec5-9e13-5837eb74d9af','85586c4b-76c1-4829-aafe-182066911124');
insert into expenses (id, amount, note, merchant, paid_on, property_id, expense_type_id) values ('73b3facf-a12c-441e-b9fb-d0407dd10c33', '21.62', null, 'Electric bill','2017-03-06','10a3fd1f-7a26-4ec5-9e13-5837eb74d9af','85586c4b-76c1-4829-aafe-182066911124');
insert into expenses (id, amount, note, merchant, paid_on, property_id, expense_type_id) values ('6836dcdc-287b-4d85-a1ad-fdae4ace2350', '21.18', null, 'Electric bill','2017-03-06','10a3fd1f-7a26-4ec5-9e13-5837eb74d9af','85586c4b-76c1-4829-aafe-182066911124');
insert into expenses (id, amount, note, merchant, paid_on, property_id, expense_type_id) values ('657c6f02-df82-411a-a5c2-a7b21540591f', '55.92', null, 'Sewer bill','2017-03-06','10a3fd1f-7a26-4ec5-9e13-5837eb74d9af','85586c4b-76c1-4829-aafe-182066911124');
insert into expenses (id, amount, note, merchant, paid_on, property_id, expense_type_id) values ('de8929a7-36e0-429f-af21-182797e6e682', '16.11', null, 'Water','2017-03-28','10a3fd1f-7a26-4ec5-9e13-5837eb74d9af','85586c4b-76c1-4829-aafe-182066911124');
insert into expenses (id, amount, note, merchant, paid_on, property_id, expense_type_id) values ('3c6b9da3-4d51-4070-9322-7c0e755cfc3d', '25.67', null, 'Electric bill','2017-03-28','10a3fd1f-7a26-4ec5-9e13-5837eb74d9af','85586c4b-76c1-4829-aafe-182066911124');
insert into expenses (id, amount, note, merchant, paid_on, property_id, expense_type_id) values ('d796f6b4-d44b-47dd-980f-503c07071a2d', '29.39', null, 'Electric bill','2017-03-29','10a3fd1f-7a26-4ec5-9e13-5837eb74d9af','85586c4b-76c1-4829-aafe-182066911124');
insert into expenses (id, amount, note, merchant, paid_on, property_id, expense_type_id) values ('24d4ef33-d2d4-4fcd-b4c7-fbaf3a9ccf35', '29.39', null, 'Electric','2017-04-17','10a3fd1f-7a26-4ec5-9e13-5837eb74d9af','85586c4b-76c1-4829-aafe-182066911124');
insert into expenses (id, amount, note, merchant, paid_on, property_id, expense_type_id) values ('29a9f4b8-b176-4e24-ad43-49cfe2ff01d7', '165.0', null, 'Sewer bill','2017-04-19','10a3fd1f-7a26-4ec5-9e13-5837eb74d9af','85586c4b-76c1-4829-aafe-182066911124');
insert into expenses (id, amount, note, merchant, paid_on, property_id, expense_type_id) values ('6805e5c0-8c8e-4d7f-a2c7-1fdb957f1f2c', '17.19', null, 'Water bill','2017-05-02','10a3fd1f-7a26-4ec5-9e13-5837eb74d9af','85586c4b-76c1-4829-aafe-182066911124');
insert into expenses (id, amount, note, merchant, paid_on, property_id, expense_type_id) values ('76930049-871a-4d01-ab37-c46025c65856', '21.44', null, 'Electric','2017-05-18','10a3fd1f-7a26-4ec5-9e13-5837eb74d9af','85586c4b-76c1-4829-aafe-182066911124');
insert into expenses (id, amount, note, merchant, paid_on, property_id, expense_type_id) values ('0df070cc-c474-437d-8446-b684d0eb3596', '29.61', null, 'Electric','2017-05-18','10a3fd1f-7a26-4ec5-9e13-5837eb74d9af','85586c4b-76c1-4829-aafe-182066911124');
insert into expenses (id, amount, note, merchant, paid_on, property_id, expense_type_id) values ('93260dda-7135-4fee-899a-3d2cad4aeeb7', '30.36', null, 'electric','2017-06-16','10a3fd1f-7a26-4ec5-9e13-5837eb74d9af','85586c4b-76c1-4829-aafe-182066911124');
insert into expenses (id, amount, note, merchant, paid_on, property_id, expense_type_id) values ('c2c18f62-2f18-422a-86b4-1de9eb956824', '17.1', null, '','2017-06-16','10a3fd1f-7a26-4ec5-9e13-5837eb74d9af','85586c4b-76c1-4829-aafe-182066911124');
insert into expenses (id, amount, note, merchant, paid_on, property_id, expense_type_id) values ('1eadfd4a-d8dc-4685-9e9d-4b8388312fea', '16.11', null, 'Water bill','2017-07-03','10a3fd1f-7a26-4ec5-9e13-5837eb74d9af','85586c4b-76c1-4829-aafe-182066911124');
insert into expenses (id, amount, note, merchant, paid_on, property_id, expense_type_id) values ('3b7e1024-f29f-4b29-8c6f-80914e46355b', '16.11', null, 'Water bill','2017-08-02','10a3fd1f-7a26-4ec5-9e13-5837eb74d9af','85586c4b-76c1-4829-aafe-182066911124');
insert into expenses (id, amount, note, merchant, paid_on, property_id, expense_type_id) values ('a5321634-9185-4a31-b2d4-182bc76c9a1c', '21.89', null, 'electric','2017-08-15','10a3fd1f-7a26-4ec5-9e13-5837eb74d9af','85586c4b-76c1-4829-aafe-182066911124');
insert into expenses (id, amount, note, merchant, paid_on, property_id, expense_type_id) values ('4dc570cb-67e7-4267-824b-a8b479af4bba', '22.86', null, 'electric','2017-08-15','10a3fd1f-7a26-4ec5-9e13-5837eb74d9af','85586c4b-76c1-4829-aafe-182066911124');
insert into expenses (id, amount, note, merchant, paid_on, property_id, expense_type_id) values ('e385d689-e3b9-4415-b30a-7993e164b6bf', '46.11', null, 'Water bill','2017-09-01','10a3fd1f-7a26-4ec5-9e13-5837eb74d9af','85586c4b-76c1-4829-aafe-182066911124');
insert into expenses (id, amount, note, merchant, paid_on, property_id, expense_type_id) values ('fd86782a-629f-488f-8dcb-c6bb7d5dcf2d', '16.11', null, 'Water bill','2017-09-01','10a3fd1f-7a26-4ec5-9e13-5837eb74d9af','85586c4b-76c1-4829-aafe-182066911124');
insert into expenses (id, amount, note, merchant, paid_on, property_id, expense_type_id) values ('d7c6bbc1-05e0-4659-8a50-2714986a0c45', '21.05', null, 'Electric','2017-09-13','10a3fd1f-7a26-4ec5-9e13-5837eb74d9af','85586c4b-76c1-4829-aafe-182066911124');
insert into expenses (id, amount, note, merchant, paid_on, property_id, expense_type_id) values ('5f72b533-96f6-438d-aa4f-88e6d9e03ce8', '19.67', null, 'Electric','2017-09-13','10a3fd1f-7a26-4ec5-9e13-5837eb74d9af','85586c4b-76c1-4829-aafe-182066911124');
insert into expenses (id, amount, note, merchant, paid_on, property_id, expense_type_id) values ('8aa86529-aa83-4fc7-ad21-95fb8161cd58', '16.11', null, 'Water bill','2017-10-03','10a3fd1f-7a26-4ec5-9e13-5837eb74d9af','85586c4b-76c1-4829-aafe-182066911124');
insert into expenses (id, amount, note, merchant, paid_on, property_id, expense_type_id) values ('931d5c93-0464-4805-b936-0f2761d8dd9d', '17.19', null, 'Water bill','2017-10-03','10a3fd1f-7a26-4ec5-9e13-5837eb74d9af','85586c4b-76c1-4829-aafe-182066911124');
insert into expenses (id, amount, note, merchant, paid_on, property_id, expense_type_id) values ('53e2c7ac-507d-4893-8af7-0739790cd8b0', '21.54', null, 'PPL','2017-10-16','10a3fd1f-7a26-4ec5-9e13-5837eb74d9af','85586c4b-76c1-4829-aafe-182066911124');
insert into expenses (id, amount, note, merchant, paid_on, property_id, expense_type_id) values ('b9e81260-dabc-4419-926b-eab312826f4d', '20.45', null, 'PPL','2017-10-16','10a3fd1f-7a26-4ec5-9e13-5837eb74d9af','85586c4b-76c1-4829-aafe-182066911124');
insert into expenses (id, amount, note, merchant, paid_on, property_id, expense_type_id) values ('27e33478-6fcd-4b4d-97b4-5b90806fe5a5', '16.11', null, 'Water','2017-10-31','10a3fd1f-7a26-4ec5-9e13-5837eb74d9af','85586c4b-76c1-4829-aafe-182066911124');
insert into expenses (id, amount, note, merchant, paid_on, property_id, expense_type_id) values ('8aa4e8d7-3699-4812-9983-fc49f726f1dc', '437.8', null, 'oil','2017-11-06','10a3fd1f-7a26-4ec5-9e13-5837eb74d9af','85586c4b-76c1-4829-aafe-182066911124');
insert into expenses (id, amount, note, merchant, paid_on, property_id, expense_type_id) values ('0ab5c13b-386e-459d-b961-a4999b182377', '24.86', null, 'electric','2017-11-15','10a3fd1f-7a26-4ec5-9e13-5837eb74d9af','85586c4b-76c1-4829-aafe-182066911124');
insert into expenses (id, amount, note, merchant, paid_on, property_id, expense_type_id) values ('8c1af550-8f4a-4a1a-aae0-be010cae3c26', '18.14', null, 'electric','2017-11-15','10a3fd1f-7a26-4ec5-9e13-5837eb74d9af','85586c4b-76c1-4829-aafe-182066911124');
insert into expenses (id, amount, note, merchant, paid_on, property_id, expense_type_id) values ('6af8ce89-6262-4c7e-a4e5-63c5c9ebc966', '16.11', null, 'Water','2017-12-01','10a3fd1f-7a26-4ec5-9e13-5837eb74d9af','85586c4b-76c1-4829-aafe-182066911124');
insert into expenses (id, amount, note, merchant, paid_on, property_id, expense_type_id) values ('83c678b1-af82-424c-b6dd-a38a4c7be34b', '16.11', null, 'water','2017-12-01','10a3fd1f-7a26-4ec5-9e13-5837eb74d9af','85586c4b-76c1-4829-aafe-182066911124');
insert into expenses (id, amount, note, merchant, paid_on, property_id, expense_type_id) values ('4215bf59-82df-42fb-8399-8f9033eb6368', '20.82', null, '','2017-12-15','10a3fd1f-7a26-4ec5-9e13-5837eb74d9af','85586c4b-76c1-4829-aafe-182066911124');
insert into expenses (id, amount, note, merchant, paid_on, property_id, expense_type_id) values ('df12410a-b1f7-4268-9805-fcd6a1f5014d', '23.98', null, 'electric','2017-12-15','10a3fd1f-7a26-4ec5-9e13-5837eb74d9af','85586c4b-76c1-4829-aafe-182066911124');
insert into expenses (id, amount, note, merchant, paid_on, property_id, expense_type_id) values ('5adc6062-8e27-4dd6-b375-8ef06b721010', '120.0', null, 'garbage','2017-12-27','10a3fd1f-7a26-4ec5-9e13-5837eb74d9af','85586c4b-76c1-4829-aafe-182066911124');
insert into expenses (id, amount, note, merchant, paid_on, property_id, expense_type_id) values ('aa588e52-dcd8-4099-98f9-a0a5566a02dd', '16.11', null, 'electric','2018-01-02','10a3fd1f-7a26-4ec5-9e13-5837eb74d9af','85586c4b-76c1-4829-aafe-182066911124');
insert into expenses (id, amount, note, merchant, paid_on, property_id, expense_type_id) values ('c91f3567-38c4-410e-8c24-08c36f198e34', '53.13', null, 'water','2017-12-29','10a3fd1f-7a26-4ec5-9e13-5837eb74d9af','85586c4b-76c1-4829-aafe-182066911124');
insert into expenses (id, amount, note, merchant, paid_on, property_id, expense_type_id) values ('25500f7e-d7b0-4525-b06d-ac0408772f5d', '519.8', null, 'oil','2018-01-18','10a3fd1f-7a26-4ec5-9e13-5837eb74d9af','85586c4b-76c1-4829-aafe-182066911124');
insert into expenses (id, amount, note, merchant, paid_on, property_id, expense_type_id) values ('0ef6ac23-58e0-443e-a8b4-5bda75650637', '15.2', null, 'water bill','2018-02-02','10a3fd1f-7a26-4ec5-9e13-5837eb74d9af','85586c4b-76c1-4829-aafe-182066911124');
insert into expenses (id, amount, note, merchant, paid_on, property_id, expense_type_id) values ('2cc8e3ef-7bcd-499e-92dd-cb38f4bfdf68', '160.0', null, 'Sewer bills','2018-02-08','10a3fd1f-7a26-4ec5-9e13-5837eb74d9af','85586c4b-76c1-4829-aafe-182066911124');
insert into expenses (id, amount, note, merchant, paid_on, property_id, expense_type_id) values ('7aa99396-dcc0-44bf-b76f-64c5a783514d', '500.0', null, 'Deposit','2016-10-17','10a3fd1f-7a26-4ec5-9e13-5837eb74d9af','3fe8f8b0-608e-4ab7-bf69-747e63a8ce2d');
insert into expenses (id, amount, note, merchant, paid_on, property_id, expense_type_id) values ('d4a0734c-2db5-4a46-8cf3-234c940ef3f3', '100.0', null, 'Inspection','2016-10-18','10a3fd1f-7a26-4ec5-9e13-5837eb74d9af','3fe8f8b0-608e-4ab7-bf69-747e63a8ce2d');
insert into expenses (id, amount, note, merchant, paid_on, property_id, expense_type_id) values ('cb5ceecc-1e15-4ac3-a719-56a24ab05621', '466.17', null, 'Property taxes','2017-02-06','10a3fd1f-7a26-4ec5-9e13-5837eb74d9af','914fdfc1-c8c9-4289-af59-b3d66c4110d8');
insert into expenses (id, amount, note, merchant, paid_on, property_id, expense_type_id) values ('4b105a3c-e84b-4f41-b32e-2a024d081f4a', '956.14', null, 'School tax','2017-07-28','10a3fd1f-7a26-4ec5-9e13-5837eb74d9af','914fdfc1-c8c9-4289-af59-b3d66c4110d8');
insert into expenses (id, amount, note, merchant, paid_on, property_id, expense_type_id) values ('02b726b4-f1a6-40a8-899f-927be7258fe5', '466.17', null, 'property tax','2018-02-15','10a3fd1f-7a26-4ec5-9e13-5837eb74d9af','914fdfc1-c8c9-4289-af59-b3d66c4110d8');
insert into expenses (id, amount, note, merchant, paid_on, property_id, expense_type_id) values ('ca0c23e3-5b69-4d53-9534-2fdd05a01458', '14.29', null, 'walmart','2018-02-11','10a3fd1f-7a26-4ec5-9e13-5837eb74d9af','f4ab7a02-36e0-4323-aad7-cf88bfc18d37');
insert into expenses (id, amount, note, merchant, paid_on, property_id, expense_type_id) values ('56c93daf-d9f3-48f1-a0d6-5ca3632550dc', '25.49', null, 'electric','2018-02-16','10a3fd1f-7a26-4ec5-9e13-5837eb74d9af','85586c4b-76c1-4829-aafe-182066911124');
insert into expenses (id, amount, note, merchant, paid_on, property_id, expense_type_id) values ('639a0ac2-404d-41ba-9e29-1cf102a2493f', '27.26', null, 'electric','2018-02-14','10a3fd1f-7a26-4ec5-9e13-5837eb74d9af','85586c4b-76c1-4829-aafe-182066911124');
insert into expenses (id, amount, note, merchant, paid_on, property_id, expense_type_id) values ('3c727b53-3992-488d-839d-ac1c54efc8ab', '22.82', null, 'Lowes','2018-02-17','10a3fd1f-7a26-4ec5-9e13-5837eb74d9af','f4ab7a02-36e0-4323-aad7-cf88bfc18d37');
insert into expenses (id, amount, note, merchant, paid_on, property_id, expense_type_id) values ('b3817b91-ad7d-4d15-a9dc-d3a9c5abbb06', '5.46', null, 'petro','2018-02-24','10a3fd1f-7a26-4ec5-9e13-5837eb74d9af','f4ab7a02-36e0-4323-aad7-cf88bfc18d37');
insert into expenses (id, amount, note, merchant, paid_on, property_id, expense_type_id) values ('0706c533-c02d-4671-9bcf-f6fdc30bffd2', '10.42', null, '','2018-02-24','10a3fd1f-7a26-4ec5-9e13-5837eb74d9af','f4ab7a02-36e0-4323-aad7-cf88bfc18d37');
insert into expenses (id, amount, note, merchant, paid_on, property_id, expense_type_id) values ('0c4acdfa-b02d-44b9-8b2f-8bb32455f877', '485.8', null, 'oil','2018-02-28','10a3fd1f-7a26-4ec5-9e13-5837eb74d9af','85586c4b-76c1-4829-aafe-182066911124');
insert into expenses (id, amount, note, merchant, paid_on, property_id, expense_type_id) values ('1064f405-a93f-4c88-8477-d84ec275c471', '10.58', null, 'mirror','2018-03-07','10a3fd1f-7a26-4ec5-9e13-5837eb74d9af','f4ab7a02-36e0-4323-aad7-cf88bfc18d37');
insert into expenses (id, amount, note, merchant, paid_on, property_id, expense_type_id) values ('fb857ec2-d3ac-4a3e-9b6f-fe9b9fabf5ad', '150.0', null, 'premium electric','2018-03-13','10a3fd1f-7a26-4ec5-9e13-5837eb74d9af','b89a33c6-ed73-48dd-9948-016a2cd8cee2');
insert into expenses (id, amount, note, merchant, paid_on, property_id, expense_type_id) values ('4c74a5be-38b1-46af-9478-183d1d4a0a43', '71.89', null, 'home depot','2018-03-13','10a3fd1f-7a26-4ec5-9e13-5837eb74d9af','f4ab7a02-36e0-4323-aad7-cf88bfc18d37');
insert into expenses (id, amount, note, merchant, paid_on, property_id, expense_type_id) values ('e1b2daae-ac28-4070-a469-673d4443181c', '13.74', null, 'walmart','2018-03-14','10a3fd1f-7a26-4ec5-9e13-5837eb74d9af','105c79dd-ff18-40b7-a92e-1705c833de63');
insert into expenses (id, amount, note, merchant, paid_on, property_id, expense_type_id) values ('73b9886b-53a0-4199-8f62-818236f07929', '47.68', null, 'home depot','2018-03-14','10a3fd1f-7a26-4ec5-9e13-5837eb74d9af','f4ab7a02-36e0-4323-aad7-cf88bfc18d37');
insert into expenses (id, amount, note, merchant, paid_on, property_id, expense_type_id) values ('5bb440db-3127-40cb-8c92-babc2e74a740', '9.54', null, 'petro','2018-02-28','10a3fd1f-7a26-4ec5-9e13-5837eb74d9af','f4ab7a02-36e0-4323-aad7-cf88bfc18d37');
insert into expenses (id, amount, note, merchant, paid_on, property_id, expense_type_id) values ('5005aa79-4b10-404e-8653-8f0cf092ffb0', '15.85', null, 'home depot','2018-01-20','10a3fd1f-7a26-4ec5-9e13-5837eb74d9af','f4ab7a02-36e0-4323-aad7-cf88bfc18d37');
insert into expenses (id, amount, note, merchant, paid_on, property_id, expense_type_id) values ('09e57493-7b45-48aa-b3a9-307511086cf5', '22.06', null, 'electric','2018-03-15','10a3fd1f-7a26-4ec5-9e13-5837eb74d9af','85586c4b-76c1-4829-aafe-182066911124');
insert into expenses (id, amount, note, merchant, paid_on, property_id, expense_type_id) values ('9e7c1935-d34c-40be-b03a-ac409b58e175', '25.18', null, 'electric','2018-03-15','10a3fd1f-7a26-4ec5-9e13-5837eb74d9af','85586c4b-76c1-4829-aafe-182066911124');
insert into expenses (id, amount, note, merchant, paid_on, property_id, expense_type_id) values ('07be215e-a699-4c03-97f5-4047493c9375', '16.5', null, 'water','2018-04-03','10a3fd1f-7a26-4ec5-9e13-5837eb74d9af','85586c4b-76c1-4829-aafe-182066911124');
insert into expenses (id, amount, note, merchant, paid_on, property_id, expense_type_id) values ('42835bb6-0567-4db2-a8f1-5112d52e36d3', '16.5', null, 'water','2018-04-03','10a3fd1f-7a26-4ec5-9e13-5837eb74d9af','85586c4b-76c1-4829-aafe-182066911124');
insert into expenses (id, amount, note, merchant, paid_on, property_id, expense_type_id) values ('3660a19f-33e8-4ed1-819c-1f61515073d6', '9.53', null, '','2018-03-31','10a3fd1f-7a26-4ec5-9e13-5837eb74d9af','105c79dd-ff18-40b7-a92e-1705c833de63');
insert into expenses (id, amount, note, merchant, paid_on, property_id, expense_type_id) values ('bb229e3a-5214-4128-9235-26a1cdec93b0', '763.03', null, 'oil','2018-04-05','10a3fd1f-7a26-4ec5-9e13-5837eb74d9af','85586c4b-76c1-4829-aafe-182066911124');
insert into expenses (id, amount, note, merchant, paid_on, property_id, expense_type_id) values ('0f01b4bb-c979-4588-829f-f574699ef35b', '120.0', null, 'garbage','2018-04-12','10a3fd1f-7a26-4ec5-9e13-5837eb74d9af','85586c4b-76c1-4829-aafe-182066911124');
insert into expenses (id, amount, note, merchant, paid_on, property_id, expense_type_id) values ('8f49e8ed-b469-47c8-9e84-cc50973ff8f5', '90.23', null, 'dump run','2018-04-12','10a3fd1f-7a26-4ec5-9e13-5837eb74d9af','105c79dd-ff18-40b7-a92e-1705c833de63');
insert into expenses (id, amount, note, merchant, paid_on, property_id, expense_type_id) values ('169c126a-eced-4204-80e8-3d177a4edc7a', '8.18', null, 'UGI','2018-08-21','f6e2bc56-d5bf-43eb-baf4-1ce4e9b453c7','85586c4b-76c1-4829-aafe-182066911124');
insert into expenses (id, amount, note, merchant, paid_on, property_id, expense_type_id) values ('4eb56083-017a-48eb-9b86-123610d0db7c', '64.26', null, 'uhaul','2018-04-12','10a3fd1f-7a26-4ec5-9e13-5837eb74d9af','105c79dd-ff18-40b7-a92e-1705c833de63');
insert into expenses (id, amount, note, merchant, paid_on, property_id, expense_type_id) values ('6fbecda9-a9d7-49a4-82c0-ba114c2771af', '13.71', null, '','2018-04-15','10a3fd1f-7a26-4ec5-9e13-5837eb74d9af','f4ab7a02-36e0-4323-aad7-cf88bfc18d37');
insert into expenses (id, amount, note, merchant, paid_on, property_id, expense_type_id) values ('24eadd7a-7617-46a5-8b06-34ab97f5e1b7', '22.19', null, 'home depot','2018-04-19','10a3fd1f-7a26-4ec5-9e13-5837eb74d9af','f4ab7a02-36e0-4323-aad7-cf88bfc18d37');
insert into expenses (id, amount, note, merchant, paid_on, property_id, expense_type_id) values ('67703c87-3d12-4a43-bead-11b302e7a735', '341.0', null, 'Danielson','2018-04-20','10a3fd1f-7a26-4ec5-9e13-5837eb74d9af','b89a33c6-ed73-48dd-9948-016a2cd8cee2');
insert into expenses (id, amount, note, merchant, paid_on, property_id, expense_type_id) values ('e0583ab9-2a95-4cd2-998e-3df9ff69f2fa', '34.53', null, 'home depot','2018-04-20','10a3fd1f-7a26-4ec5-9e13-5837eb74d9af','105c79dd-ff18-40b7-a92e-1705c833de63');
insert into expenses (id, amount, note, merchant, paid_on, property_id, expense_type_id) values ('38ec9dee-937b-4b5c-8c4e-7d9e2a5b55c1', '6.65', null, '','2018-04-23','10a3fd1f-7a26-4ec5-9e13-5837eb74d9af','105c79dd-ff18-40b7-a92e-1705c833de63');
insert into expenses (id, amount, note, merchant, paid_on, property_id, expense_type_id) values ('dd674c12-6523-42e4-a9b1-0e720e61d917', '3080.0', null, 'danielson','2018-04-23','10a3fd1f-7a26-4ec5-9e13-5837eb74d9af','b89a33c6-ed73-48dd-9948-016a2cd8cee2');
insert into expenses (id, amount, note, merchant, paid_on, property_id, expense_type_id) values ('3add0c79-b140-47af-afb3-6087e4ae8ba0', '252.26', null, 'home depot','2018-04-25','10a3fd1f-7a26-4ec5-9e13-5837eb74d9af','f4ab7a02-36e0-4323-aad7-cf88bfc18d37');
insert into expenses (id, amount, note, merchant, paid_on, property_id, expense_type_id) values ('af43cfcb-1255-4cec-adf3-a46048805666', '17.75', null, 'water','2018-05-01','10a3fd1f-7a26-4ec5-9e13-5837eb74d9af','85586c4b-76c1-4829-aafe-182066911124');
insert into expenses (id, amount, note, merchant, paid_on, property_id, expense_type_id) values ('bd56b465-2431-47de-beb4-5ea6a30e6f32', '16.53', null, 'water','2018-05-02','10a3fd1f-7a26-4ec5-9e13-5837eb74d9af','85586c4b-76c1-4829-aafe-182066911124');
insert into expenses (id, amount, note, merchant, paid_on, property_id, expense_type_id) values ('8d82fbbe-3f44-4d74-9cfb-2f43a2e91390', '12.37', null, 'electric','2018-04-30','10a3fd1f-7a26-4ec5-9e13-5837eb74d9af','85586c4b-76c1-4829-aafe-182066911124');
insert into expenses (id, amount, note, merchant, paid_on, property_id, expense_type_id) values ('897f4548-765d-4851-896b-547aa036f404', '43.56', null, 'home depot','2018-05-05','10a3fd1f-7a26-4ec5-9e13-5837eb74d9af','f4ab7a02-36e0-4323-aad7-cf88bfc18d37');
insert into expenses (id, amount, note, merchant, paid_on, property_id, expense_type_id) values ('d099a402-e3a4-493b-af73-1da6d04f5fe1', '5.15', null, '','2018-05-07','10a3fd1f-7a26-4ec5-9e13-5837eb74d9af','62de32fd-6039-4c85-b76f-45545ff7b650');
insert into expenses (id, amount, note, merchant, paid_on, property_id, expense_type_id) values ('1e3fa48d-a44e-4939-b726-00b3fb62cde4', '14.8', null, 'audiobook','2018-05-07','10a3fd1f-7a26-4ec5-9e13-5837eb74d9af','62de32fd-6039-4c85-b76f-45545ff7b650');
insert into expenses (id, amount, note, merchant, paid_on, property_id, expense_type_id) values ('6b181a44-a1d8-4e57-b65e-13d2b5554724', '7.5', null, 'driscolls','2018-05-09','10a3fd1f-7a26-4ec5-9e13-5837eb74d9af','f4ab7a02-36e0-4323-aad7-cf88bfc18d37');
insert into expenses (id, amount, note, merchant, paid_on, property_id, expense_type_id) values ('4b0485aa-8030-4429-b97e-26b8733d89ca', '9.92', null, 'driscolls','2018-05-06','10a3fd1f-7a26-4ec5-9e13-5837eb74d9af','f4ab7a02-36e0-4323-aad7-cf88bfc18d37');
insert into expenses (id, amount, note, merchant, paid_on, property_id, expense_type_id) values ('7dfd591b-d7ad-48ba-9481-0e62a90c8880', '25.3', null, 'electric','2018-05-16','10a3fd1f-7a26-4ec5-9e13-5837eb74d9af','85586c4b-76c1-4829-aafe-182066911124');
insert into expenses (id, amount, note, merchant, paid_on, property_id, expense_type_id) values ('a5ac463d-cf06-4822-97a2-e08bc118cb6e', '10.59', null, 'petro','2018-05-16','10a3fd1f-7a26-4ec5-9e13-5837eb74d9af','f4ab7a02-36e0-4323-aad7-cf88bfc18d37');
insert into expenses (id, amount, note, merchant, paid_on, property_id, expense_type_id) values ('942b7ac5-7f4d-4455-b805-fed2392424b2', '7.41', null, 'petro','2018-05-16','10a3fd1f-7a26-4ec5-9e13-5837eb74d9af','f4ab7a02-36e0-4323-aad7-cf88bfc18d37');
insert into expenses (id, amount, note, merchant, paid_on, property_id, expense_type_id) values ('4c743641-104b-40cf-bfb8-584a3f1e5552', '1500.0', null, 'cabinets and countertop','2018-05-16','10a3fd1f-7a26-4ec5-9e13-5837eb74d9af','f4ab7a02-36e0-4323-aad7-cf88bfc18d37');
insert into expenses (id, amount, note, merchant, paid_on, property_id, expense_type_id) values ('69dbff14-aa5e-4a3c-b007-f1a5045b9f97', '96.12', null, 'home depot-no reciept','2018-05-17','10a3fd1f-7a26-4ec5-9e13-5837eb74d9af','f4ab7a02-36e0-4323-aad7-cf88bfc18d37');
insert into expenses (id, amount, note, merchant, paid_on, property_id, expense_type_id) values ('eb37ae15-0abf-4068-8d37-a46cedaaa7ca', '13.77', null, 'harbor freight','2018-05-19','10a3fd1f-7a26-4ec5-9e13-5837eb74d9af','f4ab7a02-36e0-4323-aad7-cf88bfc18d37');
insert into expenses (id, amount, note, merchant, paid_on, property_id, expense_type_id) values ('f051f44a-498a-4daa-9f0c-6a52259460a1', '4.72', null, 'dollar general','2018-05-20','10a3fd1f-7a26-4ec5-9e13-5837eb74d9af','f4ab7a02-36e0-4323-aad7-cf88bfc18d37');
insert into expenses (id, amount, note, merchant, paid_on, property_id, expense_type_id) values ('8ade30e9-ec4b-4a21-9eac-4f6252c06517', '220.99', null, 'home depot','2018-05-27','10a3fd1f-7a26-4ec5-9e13-5837eb74d9af','f4ab7a02-36e0-4323-aad7-cf88bfc18d37');
insert into expenses (id, amount, note, merchant, paid_on, property_id, expense_type_id) values ('75140db5-1381-4586-9d10-868f584eaed1', '-21.18', null, 'home depot return','2018-05-27','10a3fd1f-7a26-4ec5-9e13-5837eb74d9af','f4ab7a02-36e0-4323-aad7-cf88bfc18d37');
insert into expenses (id, amount, note, merchant, paid_on, property_id, expense_type_id) values ('954a57da-fc12-4cd7-8ddc-62f1ff835da4', '9.53', null, 'petro','2018-06-01','10a3fd1f-7a26-4ec5-9e13-5837eb74d9af','f4ab7a02-36e0-4323-aad7-cf88bfc18d37');
insert into expenses (id, amount, note, merchant, paid_on, property_id, expense_type_id) values ('2579ccf7-9e02-47fd-85a2-100fb67f22f2', '176.0', null, 'sewer','2018-06-03','10a3fd1f-7a26-4ec5-9e13-5837eb74d9af','85586c4b-76c1-4829-aafe-182066911124');
insert into expenses (id, amount, note, merchant, paid_on, property_id, expense_type_id) values ('39eb0a47-625d-43cb-b076-7f96c497f857', '38.14', null, 'walmart','2018-06-09','10a3fd1f-7a26-4ec5-9e13-5837eb74d9af','f4ab7a02-36e0-4323-aad7-cf88bfc18d37');
insert into expenses (id, amount, note, merchant, paid_on, property_id, expense_type_id) values ('b21ab403-5fef-402c-8d56-370d1aee02c3', '42.62', null, 'home depot','2018-06-08','10a3fd1f-7a26-4ec5-9e13-5837eb74d9af','f4ab7a02-36e0-4323-aad7-cf88bfc18d37');
insert into expenses (id, amount, note, merchant, paid_on, property_id, expense_type_id) values ('d5d0b852-21d8-4c23-8432-c7a6c808e23a', '24.99', null, 'electric','2018-06-13','10a3fd1f-7a26-4ec5-9e13-5837eb74d9af','85586c4b-76c1-4829-aafe-182066911124');
insert into expenses (id, amount, note, merchant, paid_on, property_id, expense_type_id) values ('2c9cb5f8-b842-45ec-bbbc-35fa9e6d8bd8', '1000.0', null, 'deposit','2018-06-01','f6e2bc56-d5bf-43eb-baf4-1ce4e9b453c7','3fe8f8b0-608e-4ab7-bf69-747e63a8ce2d');
insert into expenses (id, amount, note, merchant, paid_on, property_id, expense_type_id) values ('57112dce-26ef-47cc-a135-7dd84ef342a4', '106.39', null, 'home depot','2018-06-19','f6e2bc56-d5bf-43eb-baf4-1ce4e9b453c7','f4ab7a02-36e0-4323-aad7-cf88bfc18d37');
insert into expenses (id, amount, note, merchant, paid_on, property_id, expense_type_id) values ('f9f9ad18-2c5c-4428-91ff-2b0d1256cbf8', '145.16', null, 'weed whacker','2018-06-21','f6e2bc56-d5bf-43eb-baf4-1ce4e9b453c7','105c79dd-ff18-40b7-a92e-1705c833de63');
insert into expenses (id, amount, note, merchant, paid_on, property_id, expense_type_id) values ('7e42c27c-0829-4176-b1dc-dbca6c74e644', '50.69', null, 'home depot','2018-06-26','10a3fd1f-7a26-4ec5-9e13-5837eb74d9af','f4ab7a02-36e0-4323-aad7-cf88bfc18d37');
insert into expenses (id, amount, note, merchant, paid_on, property_id, expense_type_id) values ('3cc83eea-be8b-4a52-8370-4137a69fd12f', '10.83', null, 'walmart','2018-06-20','10a3fd1f-7a26-4ec5-9e13-5837eb74d9af','f4ab7a02-36e0-4323-aad7-cf88bfc18d37');
insert into expenses (id, amount, note, merchant, paid_on, property_id, expense_type_id) values ('3086cd58-baaa-4480-96d7-da56284130db', '1.05', null, 'petro','2018-06-29','10a3fd1f-7a26-4ec5-9e13-5837eb74d9af','f4ab7a02-36e0-4323-aad7-cf88bfc18d37');
insert into expenses (id, amount, note, merchant, paid_on, property_id, expense_type_id) values ('4e1cd8b8-158c-40fe-9009-857f784a7c02', '38.93', null, 'home depot','2018-07-01','10a3fd1f-7a26-4ec5-9e13-5837eb74d9af','f4ab7a02-36e0-4323-aad7-cf88bfc18d37');
insert into expenses (id, amount, note, merchant, paid_on, property_id, expense_type_id) values ('888efc1d-3b17-466f-845e-e9da43240881', '16.53', null, 'Water','2018-07-06','10a3fd1f-7a26-4ec5-9e13-5837eb74d9af','85586c4b-76c1-4829-aafe-182066911124');
insert into expenses (id, amount, note, merchant, paid_on, property_id, expense_type_id) values ('c255c774-b632-4910-ad59-9467197e69e0', '723.0', '', 'insurance','2018-06-15','f6e2bc56-d5bf-43eb-baf4-1ce4e9b453c7','8ec745fd-17a0-434b-aa33-4fdc0ebfe552');
insert into expenses (id, amount, note, merchant, paid_on, property_id, expense_type_id) values ('8626e09e-664e-473f-b8dd-fa0caecc4cb9', '482.0', '', 'insurance','2017-11-12','10a3fd1f-7a26-4ec5-9e13-5837eb74d9af','8ec745fd-17a0-434b-aa33-4fdc0ebfe552');
insert into expenses (id, amount, note, merchant, paid_on, property_id, expense_type_id) values ('f6b541a8-5a28-4a9f-a905-c8528c810b37', '70.39', null, 'lowes','2018-07-15','f6e2bc56-d5bf-43eb-baf4-1ce4e9b453c7','f4ab7a02-36e0-4323-aad7-cf88bfc18d37');
insert into expenses (id, amount, note, merchant, paid_on, property_id, expense_type_id) values ('6567946d-cfc0-4c96-bdfb-172e4e80a22f', '58.28', null, 'lowes','2018-07-14','f6e2bc56-d5bf-43eb-baf4-1ce4e9b453c7','f4ab7a02-36e0-4323-aad7-cf88bfc18d37');
insert into expenses (id, amount, note, merchant, paid_on, property_id, expense_type_id) values ('41c1020f-ad02-457a-b42b-630bc74826b6', '94.34', null, 'lowes','2018-07-14','f6e2bc56-d5bf-43eb-baf4-1ce4e9b453c7','f4ab7a02-36e0-4323-aad7-cf88bfc18d37');
insert into expenses (id, amount, note, merchant, paid_on, property_id, expense_type_id) values ('b929861b-8dee-485d-8f4b-2f14e5924850', '5.89', null, 'home depot','2018-06-07','f6e2bc56-d5bf-43eb-baf4-1ce4e9b453c7','f4ab7a02-36e0-4323-aad7-cf88bfc18d37');
insert into expenses (id, amount, note, merchant, paid_on, property_id, expense_type_id) values ('14dd36e3-9b60-4c26-8973-56401ed7efb8', '63.48', null, 'home depot','2018-07-12','f6e2bc56-d5bf-43eb-baf4-1ce4e9b453c7','f4ab7a02-36e0-4323-aad7-cf88bfc18d37');
insert into expenses (id, amount, note, merchant, paid_on, property_id, expense_type_id) values ('4ca9e985-27c9-421a-8459-66f963c42c06', '11.5', null, 'home depot','2018-07-17','f6e2bc56-d5bf-43eb-baf4-1ce4e9b453c7','f4ab7a02-36e0-4323-aad7-cf88bfc18d37');
insert into expenses (id, amount, note, merchant, paid_on, property_id, expense_type_id) values ('5ebc54df-a022-461a-8059-d6b7cf408cac', '7.2', null, 'walters hardware','2018-07-16','f6e2bc56-d5bf-43eb-baf4-1ce4e9b453c7','f4ab7a02-36e0-4323-aad7-cf88bfc18d37');
insert into expenses (id, amount, note, merchant, paid_on, property_id, expense_type_id) values ('e7f486a2-62ea-467f-b82b-1a1d08edf1cb', '7.41', null, 'old mill pine','2018-07-18','f6e2bc56-d5bf-43eb-baf4-1ce4e9b453c7','f4ab7a02-36e0-4323-aad7-cf88bfc18d37');
insert into expenses (id, amount, note, merchant, paid_on, property_id, expense_type_id) values ('aa886fdd-71e5-4c9d-b1cf-4284fd25fb77', '3030.0', null, 'danielson deposit','2018-07-18','f6e2bc56-d5bf-43eb-baf4-1ce4e9b453c7','b89a33c6-ed73-48dd-9948-016a2cd8cee2');
insert into expenses (id, amount, note, merchant, paid_on, property_id, expense_type_id) values ('e2cffd4d-dc9d-49f0-bce7-e2d5ddfffa25', '6.35', null, 'petro','2018-07-21','f6e2bc56-d5bf-43eb-baf4-1ce4e9b453c7','f4ab7a02-36e0-4323-aad7-cf88bfc18d37');
insert into expenses (id, amount, note, merchant, paid_on, property_id, expense_type_id) values ('5d69365d-8785-463f-b5f8-cce70129abad', '81.0', null, '50 sewer','2018-07-25','10a3fd1f-7a26-4ec5-9e13-5837eb74d9af','85586c4b-76c1-4829-aafe-182066911124');
insert into expenses (id, amount, note, merchant, paid_on, property_id, expense_type_id) values ('dbce6af2-bed5-4516-a3d1-097227707bbc', '81.0', null, '48 sewer','2018-07-25','10a3fd1f-7a26-4ec5-9e13-5837eb74d9af','85586c4b-76c1-4829-aafe-182066911124');
insert into expenses (id, amount, note, merchant, paid_on, property_id, expense_type_id) values ('c40717a5-0dfd-4a1c-adaf-b1f8ce32b115', '16051.3', null, 'downpayment','2018-07-09','f6e2bc56-d5bf-43eb-baf4-1ce4e9b453c7','d8a0877d-a2f2-41fb-b683-b8b916f7d219');
insert into expenses (id, amount, note, merchant, paid_on, property_id, expense_type_id) values ('f92fd765-cafa-4325-bdd1-c52665a7b402', '120.0', null, 'templeton','2018-07-23','f6e2bc56-d5bf-43eb-baf4-1ce4e9b453c7','d8a0877d-a2f2-41fb-b683-b8b916f7d219');
insert into expenses (id, amount, note, merchant, paid_on, property_id, expense_type_id) values ('321e2824-4f62-4c1e-aa15-74fe3f0ff183', '119.67', null, 'home depot','2018-07-22','f6e2bc56-d5bf-43eb-baf4-1ce4e9b453c7','f4ab7a02-36e0-4323-aad7-cf88bfc18d37');
insert into expenses (id, amount, note, merchant, paid_on, property_id, expense_type_id) values ('ec81d4de-0700-4177-9114-a5e1911541bd', '70.86', null, 'lowes','2018-08-02','f6e2bc56-d5bf-43eb-baf4-1ce4e9b453c7','f4ab7a02-36e0-4323-aad7-cf88bfc18d37');
insert into expenses (id, amount, note, merchant, paid_on, property_id, expense_type_id) values ('abc762df-8053-471e-bed2-3305305d9783', '33.71', null, 'lowes','2018-08-01','f6e2bc56-d5bf-43eb-baf4-1ce4e9b453c7','f4ab7a02-36e0-4323-aad7-cf88bfc18d37');
insert into expenses (id, amount, note, merchant, paid_on, property_id, expense_type_id) values ('a0e08533-a750-470c-8da9-a194c40c9abe', '120.15', null, 'home depot','2018-08-04','f6e2bc56-d5bf-43eb-baf4-1ce4e9b453c7','f4ab7a02-36e0-4323-aad7-cf88bfc18d37');
insert into expenses (id, amount, note, merchant, paid_on, property_id, expense_type_id) values ('2c3a6bec-ac13-4e01-bf46-c934388d9e07', '986.73', null, '2018 school tax','2018-08-10','10a3fd1f-7a26-4ec5-9e13-5837eb74d9af','914fdfc1-c8c9-4289-af59-b3d66c4110d8');
insert into expenses (id, amount, note, merchant, paid_on, property_id, expense_type_id) values ('7c1a2cbe-92cb-434b-a089-d269550757b5', '1033.71', null, '2018 school tax','2018-08-10','f6e2bc56-d5bf-43eb-baf4-1ce4e9b453c7','914fdfc1-c8c9-4289-af59-b3d66c4110d8');
insert into expenses (id, amount, note, merchant, paid_on, property_id, expense_type_id) values ('e93964de-6f34-49a7-b318-b9ddc310dccb', '69.96', null, 'tool rental','2018-08-10','f6e2bc56-d5bf-43eb-baf4-1ce4e9b453c7','105c79dd-ff18-40b7-a92e-1705c833de63');
insert into expenses (id, amount, note, merchant, paid_on, property_id, expense_type_id) values ('bbe5e0c6-3c09-444e-89f8-a628d67d0a8a', '39.34', null, 'tool rental','2018-08-04','f6e2bc56-d5bf-43eb-baf4-1ce4e9b453c7','105c79dd-ff18-40b7-a92e-1705c833de63');
insert into expenses (id, amount, note, merchant, paid_on, property_id, expense_type_id) values ('f17fb056-55fc-4d54-9ac6-8b5503b44626', '22.08', null, 'electric','2018-08-17','10a3fd1f-7a26-4ec5-9e13-5837eb74d9af','85586c4b-76c1-4829-aafe-182066911124');
insert into expenses (id, amount, note, merchant, paid_on, property_id, expense_type_id) values ('17c14e21-2abc-474f-9869-2deff9b97f67', '24.49', null, 'water','2018-08-01','10a3fd1f-7a26-4ec5-9e13-5837eb74d9af','85586c4b-76c1-4829-aafe-182066911124');
insert into expenses (id, amount, note, merchant, paid_on, property_id, expense_type_id) values ('3bdd0e45-4420-4fdb-b87c-7084679fc09a', '8.4', null, 'electric','2018-08-15','f6e2bc56-d5bf-43eb-baf4-1ce4e9b453c7','85586c4b-76c1-4829-aafe-182066911124');
insert into expenses (id, amount, note, merchant, paid_on, property_id, expense_type_id) values ('a4b0bf26-10a9-42aa-86b4-84cbed82d2d0', '15.85', null, 'audible','2018-08-19','f6e2bc56-d5bf-43eb-baf4-1ce4e9b453c7','62de32fd-6039-4c85-b76f-45545ff7b650');
insert into expenses (id, amount, note, merchant, paid_on, property_id, expense_type_id) values ('89c57692-a7f4-49f8-a65f-9cc0364eed8e', '952.0', null, 'danielson','2018-08-05','f6e2bc56-d5bf-43eb-baf4-1ce4e9b453c7','b89a33c6-ed73-48dd-9948-016a2cd8cee2');
insert into expenses (id, amount, note, merchant, paid_on, property_id, expense_type_id) values ('ef02262f-52fa-46ba-8ccb-ce83d7e3bd85', '3035.0', null, 'danielson','2018-08-05','f6e2bc56-d5bf-43eb-baf4-1ce4e9b453c7','b89a33c6-ed73-48dd-9948-016a2cd8cee2');
insert into expenses (id, amount, note, merchant, paid_on, property_id, expense_type_id) values ('313a9005-bf0d-46f9-b7d2-a05e85dbd0be', '5.08', null, 'driscolls','2018-08-16','f6e2bc56-d5bf-43eb-baf4-1ce4e9b453c7','f4ab7a02-36e0-4323-aad7-cf88bfc18d37');
insert into expenses (id, amount, note, merchant, paid_on, property_id, expense_type_id) values ('09bb725e-7071-4099-9ae5-7b384cc169f5', '240.3', null, 'home depot','2018-08-21','f6e2bc56-d5bf-43eb-baf4-1ce4e9b453c7','f4ab7a02-36e0-4323-aad7-cf88bfc18d37');
insert into expenses (id, amount, note, merchant, paid_on, property_id, expense_type_id) values ('aac49669-c5af-4072-badd-3d8843068376', '9.53', null, 'wrench','2018-08-22','f6e2bc56-d5bf-43eb-baf4-1ce4e9b453c7','f4ab7a02-36e0-4323-aad7-cf88bfc18d37');
insert into expenses (id, amount, note, merchant, paid_on, property_id, expense_type_id) values ('40d6681e-54c4-4a92-94f9-06306b56533a', '12.72', null, 'grand rental station','2018-08-24','f6e2bc56-d5bf-43eb-baf4-1ce4e9b453c7','f4ab7a02-36e0-4323-aad7-cf88bfc18d37');
insert into expenses (id, amount, note, merchant, paid_on, property_id, expense_type_id) values ('99273a55-2325-4d24-bde1-3b41a5e6ae82', '49.54', null, 'walmart','2018-08-25','f6e2bc56-d5bf-43eb-baf4-1ce4e9b453c7','105c79dd-ff18-40b7-a92e-1705c833de63');
insert into expenses (id, amount, note, merchant, paid_on, property_id, expense_type_id) values ('73e7f3ba-3e03-4041-9ca7-6d5c060de4f7', '280.02', null, '','2018-09-04','f6e2bc56-d5bf-43eb-baf4-1ce4e9b453c7','d8a0877d-a2f2-41fb-b683-b8b916f7d219');
insert into expenses (id, amount, note, merchant, paid_on, property_id, expense_type_id) values ('d5104414-0dbf-47d8-ad78-b5cf07d14a64', '16.55', null, 'UGI','2018-08-21','f6e2bc56-d5bf-43eb-baf4-1ce4e9b453c7','85586c4b-76c1-4829-aafe-182066911124');
insert into expenses (id, amount, note, merchant, paid_on, property_id, expense_type_id) values ('744d866d-06e8-43a8-8282-fc20551fc3ad', '15.38', null, 'water','2018-08-31','10a3fd1f-7a26-4ec5-9e13-5837eb74d9af','85586c4b-76c1-4829-aafe-182066911124');
insert into expenses (id, amount, note, merchant, paid_on, property_id, expense_type_id) values ('978072d4-1bdf-4f64-9c89-f99f8a3c0e4c', '14.69', null, 'audible book','2018-09-04','f6e2bc56-d5bf-43eb-baf4-1ce4e9b453c7','62de32fd-6039-4c85-b76f-45545ff7b650');
insert into expenses (id, amount, note, merchant, paid_on, property_id, expense_type_id) values ('62bdd2d3-78b7-4015-8d6c-f5fc4803f3b0', '10.89', null, 'home depot','2018-08-23','f6e2bc56-d5bf-43eb-baf4-1ce4e9b453c7','f4ab7a02-36e0-4323-aad7-cf88bfc18d37');
insert into expenses (id, amount, note, merchant, paid_on, property_id, expense_type_id) values ('3b3ea63b-9fb6-468c-8d0e-5322374c9b9d', '18.01', null, 'driscolls','2018-09-02','f6e2bc56-d5bf-43eb-baf4-1ce4e9b453c7','f4ab7a02-36e0-4323-aad7-cf88bfc18d37');
insert into expenses (id, amount, note, merchant, paid_on, property_id, expense_type_id) values ('a4cc94bd-b11d-4a35-a918-8fca01661bec', '2219.48', null, 'voitek','2018-09-04','f6e2bc56-d5bf-43eb-baf4-1ce4e9b453c7','105c79dd-ff18-40b7-a92e-1705c833de63');
insert into expenses (id, amount, note, merchant, paid_on, property_id, expense_type_id) values ('ee8b4a63-6780-4608-9826-fb0323b0bfcf', '-3.0', null, 'closing refund','2018-07-09','f6e2bc56-d5bf-43eb-baf4-1ce4e9b453c7','3fe8f8b0-608e-4ab7-bf69-747e63a8ce2d');
insert into expenses (id, amount, note, merchant, paid_on, property_id, expense_type_id) values ('8a7a3af0-9e0d-4788-9789-f1e0db044e7e', '2.65', null, 'family dollar','2018-09-05','f6e2bc56-d5bf-43eb-baf4-1ce4e9b453c7','105c79dd-ff18-40b7-a92e-1705c833de63');
insert into expenses (id, amount, note, merchant, paid_on, property_id, expense_type_id) values ('a3558c40-92fa-4827-ae20-6b39cea29f85', '445.86', null, 'home depot','2018-09-08','f6e2bc56-d5bf-43eb-baf4-1ce4e9b453c7','f4ab7a02-36e0-4323-aad7-cf88bfc18d37');
insert into expenses (id, amount, note, merchant, paid_on, property_id, expense_type_id) values ('f925a365-eadf-4a21-ad1a-9a2fdbb6a176', '1001.67', null, 'overpayment refund','2018-09-15','f6e2bc56-d5bf-43eb-baf4-1ce4e9b453c7','914fdfc1-c8c9-4289-af59-b3d66c4110d8');
insert into expenses (id, amount, note, merchant, paid_on, property_id, expense_type_id) values ('6b933876-5ff1-47ae-95fa-887eb2f5be7a', '2.09', null, '','2018-09-14','f6e2bc56-d5bf-43eb-baf4-1ce4e9b453c7','f4ab7a02-36e0-4323-aad7-cf88bfc18d37');
insert into expenses (id, amount, note, merchant, paid_on, property_id, expense_type_id) values ('694f7e64-de6d-4fc9-aabb-edbd6ee366f4', '14.83', null, 'old mill pine','2018-09-15','f6e2bc56-d5bf-43eb-baf4-1ce4e9b453c7','f4ab7a02-36e0-4323-aad7-cf88bfc18d37');
insert into expenses (id, amount, note, merchant, paid_on, property_id, expense_type_id) values ('6d2ecf1a-e2bf-47c2-9fb1-29d666f9ba12', '17.93', null, 'hd','2018-09-11','f6e2bc56-d5bf-43eb-baf4-1ce4e9b453c7','f4ab7a02-36e0-4323-aad7-cf88bfc18d37');
insert into expenses (id, amount, note, merchant, paid_on, property_id, expense_type_id) values ('4b1cc103-3fcc-4352-a5ff-0fff88a2f81c', '322.3', null, 'hd','2018-09-12','f6e2bc56-d5bf-43eb-baf4-1ce4e9b453c7','f4ab7a02-36e0-4323-aad7-cf88bfc18d37');
insert into expenses (id, amount, note, merchant, paid_on, property_id, expense_type_id) values ('d90585f7-1392-4b31-b334-5cadf34780c2', '-16.23', null, 'hd refund','2018-08-27','f6e2bc56-d5bf-43eb-baf4-1ce4e9b453c7','f4ab7a02-36e0-4323-aad7-cf88bfc18d37');
insert into expenses (id, amount, note, merchant, paid_on, property_id, expense_type_id) values ('519180e6-a1b4-49b8-bc08-199f4d1dbc1b', '64.28', null, 'hd','2018-08-28','f6e2bc56-d5bf-43eb-baf4-1ce4e9b453c7','f4ab7a02-36e0-4323-aad7-cf88bfc18d37');
insert into expenses (id, amount, note, merchant, paid_on, property_id, expense_type_id) values ('60ce80d6-4b8d-42b6-89e8-1bf7afd2e059', '123.03', null, 'hd','2018-09-13','f6e2bc56-d5bf-43eb-baf4-1ce4e9b453c7','f4ab7a02-36e0-4323-aad7-cf88bfc18d37');
insert into expenses (id, amount, note, merchant, paid_on, property_id, expense_type_id) values ('f3d49736-3bf2-4daa-8d47-9f9a048fb899', '14.45', null, 'ugi','2018-09-19','f6e2bc56-d5bf-43eb-baf4-1ce4e9b453c7','85586c4b-76c1-4829-aafe-182066911124');
insert into expenses (id, amount, note, merchant, paid_on, property_id, expense_type_id) values ('0342d571-ae75-40bd-ab3e-149b8d5ca3fb', '10.27', null, 'ugi','2018-09-17','f6e2bc56-d5bf-43eb-baf4-1ce4e9b453c7','85586c4b-76c1-4829-aafe-182066911124');
insert into expenses (id, amount, note, merchant, paid_on, property_id, expense_type_id) values ('1a38a43e-a8b8-4888-80a6-e9c6934aaa72', '20.4', null, 'ppl','2018-09-12','f6e2bc56-d5bf-43eb-baf4-1ce4e9b453c7','85586c4b-76c1-4829-aafe-182066911124');
insert into expenses (id, amount, note, merchant, paid_on, property_id, expense_type_id) values ('05e1d15e-7995-47fc-b958-d0e23f60586a', '12.77', null, 'water','2018-09-12','f6e2bc56-d5bf-43eb-baf4-1ce4e9b453c7','85586c4b-76c1-4829-aafe-182066911124');
insert into expenses (id, amount, note, merchant, paid_on, property_id, expense_type_id) values ('349f5548-fbba-4f61-8caa-045428b7b439', '55.0', null, 'inspection fee','2018-09-25','10a3fd1f-7a26-4ec5-9e13-5837eb74d9af','3fe8f8b0-608e-4ab7-bf69-747e63a8ce2d');
insert into expenses (id, amount, note, merchant, paid_on, property_id, expense_type_id) values ('7d53a17f-df28-402e-81ff-3911022cd2a1', '17.65', null, 'water','2018-10-02','f6e2bc56-d5bf-43eb-baf4-1ce4e9b453c7','85586c4b-76c1-4829-aafe-182066911124');
insert into expenses (id, amount, note, merchant, paid_on, property_id, expense_type_id) values ('83f760c2-131d-4302-ae03-7c1bc6b8d3b6', '81.0', null, 'sewer 50','2018-10-06','10a3fd1f-7a26-4ec5-9e13-5837eb74d9af','85586c4b-76c1-4829-aafe-182066911124');
insert into expenses (id, amount, note, merchant, paid_on, property_id, expense_type_id) values ('bc37c792-1329-40d7-b4b4-a0f4f4cb2e72', '81.0', null, 'sewer 48','2018-10-06','10a3fd1f-7a26-4ec5-9e13-5837eb74d9af','85586c4b-76c1-4829-aafe-182066911124');
insert into expenses (id, amount, note, merchant, paid_on, property_id, expense_type_id) values ('c9fe9943-f95f-46de-80a2-d79c324a01dc', '2.76', null, 'audio book','2018-10-06','f6e2bc56-d5bf-43eb-baf4-1ce4e9b453c7','62de32fd-6039-4c85-b76f-45545ff7b650');
insert into expenses (id, amount, note, merchant, paid_on, property_id, expense_type_id) values ('7264040c-7f1a-4f47-b974-290211bc5f75', '15.85', null, 'audible sub','2018-10-06','f6e2bc56-d5bf-43eb-baf4-1ce4e9b453c7','62de32fd-6039-4c85-b76f-45545ff7b650');
insert into expenses (id, amount, note, merchant, paid_on, property_id, expense_type_id) values ('6dd613d8-7102-48d1-a80b-2bab37f148ca', '39.07', null, 'PPL','2018-10-12','f6e2bc56-d5bf-43eb-baf4-1ce4e9b453c7','85586c4b-76c1-4829-aafe-182066911124');
insert into expenses (id, amount, note, merchant, paid_on, property_id, expense_type_id) values ('dcd2a27c-ce40-498e-9bff-595c21f5026a', '55.22', null, 'PPL','2018-10-12','f6e2bc56-d5bf-43eb-baf4-1ce4e9b453c7','85586c4b-76c1-4829-aafe-182066911124');
insert into expenses (id, amount, note, merchant, paid_on, property_id, expense_type_id) values ('20a7fed0-003b-4eb7-86fd-d3cf3c372b2a', '20.89', null, 'PPL','2018-10-15','10a3fd1f-7a26-4ec5-9e13-5837eb74d9af','85586c4b-76c1-4829-aafe-182066911124');
insert into expenses (id, amount, note, merchant, paid_on, property_id, expense_type_id) values ('231f0b2b-1271-479a-9e3c-c4534fb98311', '14.45', null, 'UGI','2018-10-17','f6e2bc56-d5bf-43eb-baf4-1ce4e9b453c7','85586c4b-76c1-4829-aafe-182066911124');
insert into expenses (id, amount, note, merchant, paid_on, property_id, expense_type_id) values ('0a800277-f010-4012-9d3f-b34dbfea8ceb', '9.63', null, 'UGI','2018-10-05','f6e2bc56-d5bf-43eb-baf4-1ce4e9b453c7','85586c4b-76c1-4829-aafe-182066911124');
insert into expenses (id, amount, note, merchant, paid_on, property_id, expense_type_id) values ('e66edd64-d6b7-4869-911f-0c0df613d9e1', '88.99', null, 'ebay door lock','2018-10-23','f6e2bc56-d5bf-43eb-baf4-1ce4e9b453c7','f4ab7a02-36e0-4323-aad7-cf88bfc18d37');
insert into expenses (id, amount, note, merchant, paid_on, property_id, expense_type_id) values ('ccf98bb8-da68-4678-9562-6d14b0592815', '115.0', null, 'Walter Jenkins 50','2018-10-29','10a3fd1f-7a26-4ec5-9e13-5837eb74d9af','105c79dd-ff18-40b7-a92e-1705c833de63');
insert into expenses (id, amount, note, merchant, paid_on, property_id, expense_type_id) values ('21191cc4-db56-4a21-ad30-ae43d3c45dc3', '115.0', null, 'walter 48','2018-10-29','10a3fd1f-7a26-4ec5-9e13-5837eb74d9af','105c79dd-ff18-40b7-a92e-1705c833de63');
insert into expenses (id, amount, note, merchant, paid_on, property_id, expense_type_id) values ('69a26b38-49bb-4551-9ea5-8fadda04e462', '15.38', null, 'water','2018-10-31','10a3fd1f-7a26-4ec5-9e13-5837eb74d9af','85586c4b-76c1-4829-aafe-182066911124');
insert into expenses (id, amount, note, merchant, paid_on, property_id, expense_type_id) values ('c27ef284-3e8c-4d71-886f-a6da22deaf87', '280.02', null, '','2018-10-01','f6e2bc56-d5bf-43eb-baf4-1ce4e9b453c7','d8a0877d-a2f2-41fb-b683-b8b916f7d219');
insert into expenses (id, amount, note, merchant, paid_on, property_id, expense_type_id) values ('ef4b9311-da64-4cf4-9f39-69c139cf5fc3', '280.02', null, '','2018-11-01','f6e2bc56-d5bf-43eb-baf4-1ce4e9b453c7','d8a0877d-a2f2-41fb-b683-b8b916f7d219');
insert into expenses (id, amount, note, merchant, paid_on, property_id, expense_type_id) values ('be5f237d-dfd7-463a-b06e-5ade7efdf003', '17.65', null, '','2018-10-30','10a3fd1f-7a26-4ec5-9e13-5837eb74d9af','85586c4b-76c1-4829-aafe-182066911124');
insert into expenses (id, amount, note, merchant, paid_on, property_id, expense_type_id) values ('d018abf8-b39e-43be-8849-50264db06ca0', '11.54', null, 'petro','2018-11-10','f6e2bc56-d5bf-43eb-baf4-1ce4e9b453c7','f4ab7a02-36e0-4323-aad7-cf88bfc18d37');
insert into expenses (id, amount, note, merchant, paid_on, property_id, expense_type_id) values ('fc606366-0232-4af2-96b6-4edbe8d9d280', '137.0', null, 'walter lagrange','2018-10-29','f6e2bc56-d5bf-43eb-baf4-1ce4e9b453c7','105c79dd-ff18-40b7-a92e-1705c833de63');
insert into expenses (id, amount, note, merchant, paid_on, property_id, expense_type_id) values ('ad83f6ca-d3c0-48b6-985b-45fcb644d20d', '72.69', null, 'uhaul rental','2018-10-31','f6e2bc56-d5bf-43eb-baf4-1ce4e9b453c7','105c79dd-ff18-40b7-a92e-1705c833de63');
insert into expenses (id, amount, note, merchant, paid_on, property_id, expense_type_id) values ('8f9aab59-0b28-41c6-b8f4-dabe780c52d4', '25.01', null, 'uhaul gas','2018-10-31','f6e2bc56-d5bf-43eb-baf4-1ce4e9b453c7','105c79dd-ff18-40b7-a92e-1705c833de63');
insert into expenses (id, amount, note, merchant, paid_on, property_id, expense_type_id) values ('1f321f75-6c96-48db-b03b-70b2980ea767', '77.81', null, 'dump','2018-10-31','f6e2bc56-d5bf-43eb-baf4-1ce4e9b453c7','105c79dd-ff18-40b7-a92e-1705c833de63');
insert into expenses (id, amount, note, merchant, paid_on, property_id, expense_type_id) values ('f7f160da-5691-4a08-b248-6ba54e09c06e', '89.4', null, 'hd','2018-10-31','f6e2bc56-d5bf-43eb-baf4-1ce4e9b453c7','f4ab7a02-36e0-4323-aad7-cf88bfc18d37');
insert into expenses (id, amount, note, merchant, paid_on, property_id, expense_type_id) values ('369a0e56-b5c8-40bd-b625-10e1a99b3c1e', '25.42', null, 'harbor freight','2018-11-03','f6e2bc56-d5bf-43eb-baf4-1ce4e9b453c7','f4ab7a02-36e0-4323-aad7-cf88bfc18d37');
insert into expenses (id, amount, note, merchant, paid_on, property_id, expense_type_id) values ('507a64d5-e6bd-4096-a1b1-3f045e6266b2', '6.99', null, 'petro','2018-10-11','f6e2bc56-d5bf-43eb-baf4-1ce4e9b453c7','105c79dd-ff18-40b7-a92e-1705c833de63');
insert into expenses (id, amount, note, merchant, paid_on, property_id, expense_type_id) values ('4114baef-1b25-4cca-b572-3a06fe7bbe80', '63.87', null, 'hd','2018-10-09','f6e2bc56-d5bf-43eb-baf4-1ce4e9b453c7','f4ab7a02-36e0-4323-aad7-cf88bfc18d37');
insert into expenses (id, amount, note, merchant, paid_on, property_id, expense_type_id) values ('a9cd1b2e-f30d-44ab-9b90-98c086ab8eba', '6.03', null, 'driscolls','2018-10-23','f6e2bc56-d5bf-43eb-baf4-1ce4e9b453c7','f4ab7a02-36e0-4323-aad7-cf88bfc18d37');
insert into expenses (id, amount, note, merchant, paid_on, property_id, expense_type_id) values ('053f2388-5acc-4624-86dc-a9e535a0be7d', '20.19', null, 'hd','2018-11-03','f6e2bc56-d5bf-43eb-baf4-1ce4e9b453c7','f4ab7a02-36e0-4323-aad7-cf88bfc18d37');
insert into expenses (id, amount, note, merchant, paid_on, property_id, expense_type_id) values ('1c320f4c-818c-4389-a9f3-947e40f7f95a', '124.03', null, 'hd','2018-10-24','f6e2bc56-d5bf-43eb-baf4-1ce4e9b453c7','f4ab7a02-36e0-4323-aad7-cf88bfc18d37');
insert into expenses (id, amount, note, merchant, paid_on, property_id, expense_type_id) values ('e72e6e66-a554-4c07-86dc-32d69f218781', '15.87', null, 'driscolls','2018-06-09','10a3fd1f-7a26-4ec5-9e13-5837eb74d9af','f4ab7a02-36e0-4323-aad7-cf88bfc18d37');
insert into expenses (id, amount, note, merchant, paid_on, property_id, expense_type_id) values ('f53f69ca-6997-4416-9a18-577d9fd1beea', '6.36', null, 'edwards landscaping','2018-10-09','10a3fd1f-7a26-4ec5-9e13-5837eb74d9af','105c79dd-ff18-40b7-a92e-1705c833de63');
insert into expenses (id, amount, note, merchant, paid_on, property_id, expense_type_id) values ('91b129f5-0763-4766-8b91-295e4a5e9eee', '137.63', null, 'hd','2018-09-20','f6e2bc56-d5bf-43eb-baf4-1ce4e9b453c7','f4ab7a02-36e0-4323-aad7-cf88bfc18d37');
insert into expenses (id, amount, note, merchant, paid_on, property_id, expense_type_id) values ('e2012267-7315-4efe-8e90-aeb66ad09f64', '100.0', null, 'inspection','2018-10-17','f6e2bc56-d5bf-43eb-baf4-1ce4e9b453c7','3fe8f8b0-608e-4ab7-bf69-747e63a8ce2d');
insert into expenses (id, amount, note, merchant, paid_on, property_id, expense_type_id) values ('fe6bfe44-7870-4052-9ec3-08dc6376108f', '139.05', null, 'hd','2018-10-19','f6e2bc56-d5bf-43eb-baf4-1ce4e9b453c7','f4ab7a02-36e0-4323-aad7-cf88bfc18d37');
insert into expenses (id, amount, note, merchant, paid_on, property_id, expense_type_id) values ('dc719869-a70c-4c9d-89c4-13755c5c8271', '-51.28', null, 'hd refund','2018-09-28','f6e2bc56-d5bf-43eb-baf4-1ce4e9b453c7','f4ab7a02-36e0-4323-aad7-cf88bfc18d37');
insert into expenses (id, amount, note, merchant, paid_on, property_id, expense_type_id) values ('40470ccb-2be0-42ff-ae57-cf94190e19f2', '57.95', null, 'hd','2018-09-20','f6e2bc56-d5bf-43eb-baf4-1ce4e9b453c7','f4ab7a02-36e0-4323-aad7-cf88bfc18d37');
insert into expenses (id, amount, note, merchant, paid_on, property_id, expense_type_id) values ('a377e75f-4dba-4304-84a9-987d464ba5e3', '268.82', null, 'hd','2018-10-06','f6e2bc56-d5bf-43eb-baf4-1ce4e9b453c7','f4ab7a02-36e0-4323-aad7-cf88bfc18d37');
insert into expenses (id, amount, note, merchant, paid_on, property_id, expense_type_id) values ('75cb32be-c2f6-49a3-b6da-91434de9bde0', '120.0', null, 'hd','2018-10-21','f6e2bc56-d5bf-43eb-baf4-1ce4e9b453c7','f4ab7a02-36e0-4323-aad7-cf88bfc18d37');
insert into expenses (id, amount, note, merchant, paid_on, property_id, expense_type_id) values ('288e1c7a-cd39-4255-825f-20c85cd79e5d', '154.81', null, 'hd','2018-09-23','f6e2bc56-d5bf-43eb-baf4-1ce4e9b453c7','f4ab7a02-36e0-4323-aad7-cf88bfc18d37');
insert into expenses (id, amount, note, merchant, paid_on, property_id, expense_type_id) values ('8e13d194-3d94-426d-a0b5-05726d4e1d65', '20.49', null, 'hd','2018-09-28','f6e2bc56-d5bf-43eb-baf4-1ce4e9b453c7','f4ab7a02-36e0-4323-aad7-cf88bfc18d37');
insert into expenses (id, amount, note, merchant, paid_on, property_id, expense_type_id) values ('d7c694b3-3fd6-46d3-8b9a-e655b390d45e', '30.52', null, 'locksmith','2018-11-12','f6e2bc56-d5bf-43eb-baf4-1ce4e9b453c7','105c79dd-ff18-40b7-a92e-1705c833de63');
insert into expenses (id, amount, note, merchant, paid_on, property_id, expense_type_id) values ('a22c9628-fd6e-4b4e-b906-0ff14e4d9eb1', '64.45', null, 'driscolls','2018-11-07','f6e2bc56-d5bf-43eb-baf4-1ce4e9b453c7','f4ab7a02-36e0-4323-aad7-cf88bfc18d37');
insert into expenses (id, amount, note, merchant, paid_on, property_id, expense_type_id) values ('960f416b-c381-4c41-8ec2-bafee4621a0b', '5.93', null, 'petro','2018-10-24','f6e2bc56-d5bf-43eb-baf4-1ce4e9b453c7','f4ab7a02-36e0-4323-aad7-cf88bfc18d37');
insert into expenses (id, amount, note, merchant, paid_on, property_id, expense_type_id) values ('c98fb392-927f-40f8-88cb-fde4442a239f', '15.85', null, 'audible','2018-11-06','f6e2bc56-d5bf-43eb-baf4-1ce4e9b453c7','62de32fd-6039-4c85-b76f-45545ff7b650');
insert into expenses (id, amount, note, merchant, paid_on, property_id, expense_type_id) values ('7df9826e-1883-4112-b362-fbbc25182391', '10.6', null, 'snow shovel','2018-11-15','f6e2bc56-d5bf-43eb-baf4-1ce4e9b453c7','105c79dd-ff18-40b7-a92e-1705c833de63');
insert into expenses (id, amount, note, merchant, paid_on, property_id, expense_type_id) values ('b34f980a-33d2-4f56-9f3e-eb92fb30c04c', '32.08', null, 'snow shovel','2018-11-18','10a3fd1f-7a26-4ec5-9e13-5837eb74d9af','105c79dd-ff18-40b7-a92e-1705c833de63');
insert into expenses (id, amount, note, merchant, paid_on, property_id, expense_type_id) values ('3eb83e0b-5576-4783-a364-fb74faacef92', '49.28', null, 'hd','2018-11-04','f6e2bc56-d5bf-43eb-baf4-1ce4e9b453c7','f4ab7a02-36e0-4323-aad7-cf88bfc18d37');
insert into expenses (id, amount, note, merchant, paid_on, property_id, expense_type_id) values ('87ddf404-73e6-40dc-81d0-f969a8c2c182', '6.32', null, 'petro','2018-11-04','f6e2bc56-d5bf-43eb-baf4-1ce4e9b453c7','f4ab7a02-36e0-4323-aad7-cf88bfc18d37');
insert into expenses (id, amount, note, merchant, paid_on, property_id, expense_type_id) values ('7536cfd7-7d6a-4b0f-a9ec-66a735249c21', '23.25', null, 'walmart','2018-11-19','10a3fd1f-7a26-4ec5-9e13-5837eb74d9af','f4ab7a02-36e0-4323-aad7-cf88bfc18d37');
insert into expenses (id, amount, note, merchant, paid_on, property_id, expense_type_id) values ('214f0262-198a-4c3f-9591-e70496466e1b', '-25.23', null, 'hd return','2018-11-12','f6e2bc56-d5bf-43eb-baf4-1ce4e9b453c7','f4ab7a02-36e0-4323-aad7-cf88bfc18d37');
insert into expenses (id, amount, note, merchant, paid_on, property_id, expense_type_id) values ('f5a65f76-9f8c-4caf-a263-ced46af2e54a', '122.11', null, 'HD','2018-11-12','f6e2bc56-d5bf-43eb-baf4-1ce4e9b453c7','f4ab7a02-36e0-4323-aad7-cf88bfc18d37');
insert into expenses (id, amount, note, merchant, paid_on, property_id, expense_type_id) values ('20d3f6c7-85b6-49df-8983-cb6d40bc66f8', '262.9', null, 'oil','2018-11-16','10a3fd1f-7a26-4ec5-9e13-5837eb74d9af','85586c4b-76c1-4829-aafe-182066911124');
insert into expenses (id, amount, note, merchant, paid_on, property_id, expense_type_id) values ('1f000d54-4248-4872-880f-a4c37ca7218a', '-48.73', null, 'hd return','2018-12-15','f6e2bc56-d5bf-43eb-baf4-1ce4e9b453c7','f4ab7a02-36e0-4323-aad7-cf88bfc18d37');
insert into expenses (id, amount, note, merchant, paid_on, property_id, expense_type_id) values ('76fe450e-ab22-4866-8cf0-79075e95d80c', '169.52', null, 'hd','2018-12-15','f6e2bc56-d5bf-43eb-baf4-1ce4e9b453c7','f4ab7a02-36e0-4323-aad7-cf88bfc18d37');
insert into expenses (id, amount, note, merchant, paid_on, property_id, expense_type_id) values ('ea0c2c0d-f4a3-41d3-982b-a1be463d56ec', '17.65', null, 'water','2018-12-03','10a3fd1f-7a26-4ec5-9e13-5837eb74d9af','85586c4b-76c1-4829-aafe-182066911124');
insert into expenses (id, amount, note, merchant, paid_on, property_id, expense_type_id) values ('cea47493-2ea8-4097-8491-477e39e26437', '19.52', null, 'water','2018-12-03','f6e2bc56-d5bf-43eb-baf4-1ce4e9b453c7','85586c4b-76c1-4829-aafe-182066911124');
insert into expenses (id, amount, note, merchant, paid_on, property_id, expense_type_id) values ('78a141d7-5864-4d08-83d1-cbe3d5b22c41', '280.02', null, '','2018-12-03','f6e2bc56-d5bf-43eb-baf4-1ce4e9b453c7','d8a0877d-a2f2-41fb-b683-b8b916f7d219');
insert into expenses (id, amount, note, merchant, paid_on, property_id, expense_type_id) values ('9798e3cb-9c12-4e6a-9b22-a73b9759482d', '27.98', null, 'electric','2018-12-12','10a3fd1f-7a26-4ec5-9e13-5837eb74d9af','85586c4b-76c1-4829-aafe-182066911124');
insert into expenses (id, amount, note, merchant, paid_on, property_id, expense_type_id) values ('36db9977-8110-45d9-8e21-64aa012e9623', '22.66', null, 'electric','2018-12-11','f6e2bc56-d5bf-43eb-baf4-1ce4e9b453c7','85586c4b-76c1-4829-aafe-182066911124');
insert into expenses (id, amount, note, merchant, paid_on, property_id, expense_type_id) values ('397693bb-1017-4eb1-b8ac-7004dbea3b91', '21.94', null, 'electric','2018-12-11','f6e2bc56-d5bf-43eb-baf4-1ce4e9b453c7','85586c4b-76c1-4829-aafe-182066911124');
insert into expenses (id, amount, note, merchant, paid_on, property_id, expense_type_id) values ('8ca86d5f-5b36-419b-bcfb-b290d3404caa', '21.17', null, 'hd','2018-11-26','f6e2bc56-d5bf-43eb-baf4-1ce4e9b453c7','f4ab7a02-36e0-4323-aad7-cf88bfc18d37');
insert into expenses (id, amount, note, merchant, paid_on, property_id, expense_type_id) values ('d76ac553-496e-4981-93d3-1d7523d63651', '14.89', null, 'audible','2018-12-20','f6e2bc56-d5bf-43eb-baf4-1ce4e9b453c7','62de32fd-6039-4c85-b76f-45545ff7b650');
insert into expenses (id, amount, note, merchant, paid_on, property_id, expense_type_id) values ('5baa5a4b-f466-4f62-a3e0-e15ceae0cb97', '249.9', null, 'oil','2018-12-18','10a3fd1f-7a26-4ec5-9e13-5837eb74d9af','85586c4b-76c1-4829-aafe-182066911124');
insert into expenses (id, amount, note, merchant, paid_on, property_id, expense_type_id) values ('3611fd57-9009-41ed-92ca-be0f52d5043e', '46.23', null, 'cabinet handles amazon','2018-12-24','f6e2bc56-d5bf-43eb-baf4-1ce4e9b453c7','f4ab7a02-36e0-4323-aad7-cf88bfc18d37');
insert into expenses (id, amount, note, merchant, paid_on, property_id, expense_type_id) values ('8b045bff-6b5d-47b4-9515-3a6bc8b204f5', '482.0', null, '','2018-12-18','f6e2bc56-d5bf-43eb-baf4-1ce4e9b453c7','d8a0877d-a2f2-41fb-b683-b8b916f7d219');
insert into expenses (id, amount, note, merchant, paid_on, property_id, expense_type_id) values ('022ed2f6-14ae-410c-bc55-2cfaf0af814e', '121.0', null, 'sewer','2018-12-01','f6e2bc56-d5bf-43eb-baf4-1ce4e9b453c7','85586c4b-76c1-4829-aafe-182066911124');
insert into expenses (id, amount, note, merchant, paid_on, property_id, expense_type_id) values ('40ec4886-ae10-470c-aa84-b765ca8ed726', '58.46', null, 'tenant gifts','2019-01-01','f6e2bc56-d5bf-43eb-baf4-1ce4e9b453c7','3fe8f8b0-608e-4ab7-bf69-747e63a8ce2d');
insert into expenses (id, amount, note, merchant, paid_on, property_id, expense_type_id) values ('bb87aa30-a10b-43ac-a4e1-9bca0ea4058f', '28.97', null, 'electric','2019-01-11','f6e2bc56-d5bf-43eb-baf4-1ce4e9b453c7','85586c4b-76c1-4829-aafe-182066911124');
insert into expenses (id, amount, note, merchant, paid_on, property_id, expense_type_id) values ('c8114de0-c2ed-4b76-ade2-4b6b1b77418a', '19.07', null, 'electric','2019-01-10','10a3fd1f-7a26-4ec5-9e13-5837eb74d9af','85586c4b-76c1-4829-aafe-182066911124');
insert into expenses (id, amount, note, merchant, paid_on, property_id, expense_type_id) values ('c61e8348-76da-4dd9-885a-a50bd25713da', '25.63', null, 'water','2019-01-02','f6e2bc56-d5bf-43eb-baf4-1ce4e9b453c7','85586c4b-76c1-4829-aafe-182066911124');
insert into expenses (id, amount, note, merchant, paid_on, property_id, expense_type_id) values ('6031de63-da37-4714-92c1-268c47c71c31', '6.35', null, 'harbor freight','2019-01-05','f6e2bc56-d5bf-43eb-baf4-1ce4e9b453c7','f4ab7a02-36e0-4323-aad7-cf88bfc18d37');
insert into expenses (id, amount, note, merchant, paid_on, property_id, expense_type_id) values ('0b927b5b-35ef-4bee-a4f5-48992ad9c556', '15.02', null, 'hd','2018-12-30','f6e2bc56-d5bf-43eb-baf4-1ce4e9b453c7','f4ab7a02-36e0-4323-aad7-cf88bfc18d37');
insert into expenses (id, amount, note, merchant, paid_on, property_id, expense_type_id) values ('1a12ce9d-3d36-4609-a5d3-15b91a43a458', '358.85', null, 'UGI','2019-01-22','f6e2bc56-d5bf-43eb-baf4-1ce4e9b453c7','85586c4b-76c1-4829-aafe-182066911124');
insert into expenses (id, amount, note, merchant, paid_on, property_id, expense_type_id) values ('3ac67a9c-01cc-46cc-b7b9-40f103eb0e41', '8.03', null, 'driscolls','2019-01-25','f6e2bc56-d5bf-43eb-baf4-1ce4e9b453c7','f4ab7a02-36e0-4323-aad7-cf88bfc18d37');
insert into expenses (id, amount, note, merchant, paid_on, property_id, expense_type_id) values ('b5fbf8ee-5099-49c1-8346-809f7c873d5e', '80.98', null, 'heaters walmart','2019-01-26','10a3fd1f-7a26-4ec5-9e13-5837eb74d9af','105c79dd-ff18-40b7-a92e-1705c833de63');
insert into expenses (id, amount, note, merchant, paid_on, property_id, expense_type_id) values ('386d0ca9-9472-43a6-b3bd-3fa0e0229274', '120.0', null, 'garbage 48','2019-01-26','10a3fd1f-7a26-4ec5-9e13-5837eb74d9af','85586c4b-76c1-4829-aafe-182066911124');
insert into expenses (id, amount, note, merchant, paid_on, property_id, expense_type_id) values ('0a676896-beff-4ddf-9ba8-b419e58820a6', '120.0', null, 'garbage 50 real','2019-01-22','10a3fd1f-7a26-4ec5-9e13-5837eb74d9af','85586c4b-76c1-4829-aafe-182066911124');
insert into expenses (id, amount, note, merchant, paid_on, property_id, expense_type_id) values ('34e82cf0-4bd3-4a38-9846-a85c00f32256', '250.0', null, 'walter boiler repair','2019-01-23','10a3fd1f-7a26-4ec5-9e13-5837eb74d9af','105c79dd-ff18-40b7-a92e-1705c833de63');
insert into expenses (id, amount, note, merchant, paid_on, property_id, expense_type_id) values ('0e8a9cc3-2166-4035-a730-28764ecc5bca', '16.65', null, 'kerosene','2019-01-22','f6e2bc56-d5bf-43eb-baf4-1ce4e9b453c7','105c79dd-ff18-40b7-a92e-1705c833de63');
insert into expenses (id, amount, note, merchant, paid_on, property_id, expense_type_id) values ('ac113b09-8739-4efa-a9ee-fc44ae8c5855', '13.05', null, 'heating oil','2019-01-22','10a3fd1f-7a26-4ec5-9e13-5837eb74d9af','105c79dd-ff18-40b7-a92e-1705c833de63');
insert into expenses (id, amount, note, merchant, paid_on, property_id, expense_type_id) values ('384ebf85-cd64-4181-b4e3-78a5ab9422c0', '97.53', null, 'sewer 48','2019-01-29','10a3fd1f-7a26-4ec5-9e13-5837eb74d9af','85586c4b-76c1-4829-aafe-182066911124');
insert into expenses (id, amount, note, merchant, paid_on, property_id, expense_type_id) values ('024f7697-068f-47e2-b007-8f5f4883cc71', '82.95', null, 'sewer 50','2019-01-29','f6e2bc56-d5bf-43eb-baf4-1ce4e9b453c7','85586c4b-76c1-4829-aafe-182066911124');
insert into expenses (id, amount, note, merchant, paid_on, property_id, expense_type_id) values ('004cb9f8-48b4-4f59-b981-a0a3b09588c2', '52.95', null, 'hd','2019-01-27','f6e2bc56-d5bf-43eb-baf4-1ce4e9b453c7','105c79dd-ff18-40b7-a92e-1705c833de63');
insert into expenses (id, amount, note, merchant, paid_on, property_id, expense_type_id) values ('c16af6d4-211b-4c3b-a437-06235927ed53', '35.88', null, 'water','2019-01-29','f6e2bc56-d5bf-43eb-baf4-1ce4e9b453c7','85586c4b-76c1-4829-aafe-182066911124');
insert into expenses (id, amount, note, merchant, paid_on, property_id, expense_type_id) values ('ffd1e8e1-e91b-40a0-a4e7-0cf6364dfebf', '15.85', null, 'audible','2019-01-07','f6e2bc56-d5bf-43eb-baf4-1ce4e9b453c7','62de32fd-6039-4c85-b76f-45545ff7b650');
insert into expenses (id, amount, note, merchant, paid_on, property_id, expense_type_id) values ('fd4ec46c-f251-4e70-aad0-84ea07e329cb', '20.0', null, 'PPL','2019-02-13','10a3fd1f-7a26-4ec5-9e13-5837eb74d9af','85586c4b-76c1-4829-aafe-182066911124');
insert into expenses (id, amount, note, merchant, paid_on, property_id, expense_type_id) values ('ef8a0b50-aa51-4aab-941e-9ff53d6f53ab', '31.02', null, 'PPL','2019-02-14','f6e2bc56-d5bf-43eb-baf4-1ce4e9b453c7','85586c4b-76c1-4829-aafe-182066911124');
insert into expenses (id, amount, note, merchant, paid_on, property_id, expense_type_id) values ('b2e1974d-2c58-47c7-9218-d7efd0fa6d4f', '320.05', null, 'UGI','2019-02-19','f6e2bc56-d5bf-43eb-baf4-1ce4e9b453c7','85586c4b-76c1-4829-aafe-182066911124');
insert into expenses (id, amount, note, merchant, paid_on, property_id, expense_type_id) values ('7cd14f14-c966-488c-85cb-ee2ed435dfce', '14.54', null, 'lowes','2019-02-12','f6e2bc56-d5bf-43eb-baf4-1ce4e9b453c7','f4ab7a02-36e0-4323-aad7-cf88bfc18d37');
insert into expenses (id, amount, note, merchant, paid_on, property_id, expense_type_id) values ('57fedbf6-fc40-4976-96d1-a3daf64beacd', '44.96', null, '','2019-02-05','f6e2bc56-d5bf-43eb-baf4-1ce4e9b453c7','f4ab7a02-36e0-4323-aad7-cf88bfc18d37');
insert into expenses (id, amount, note, merchant, paid_on, property_id, expense_type_id) values ('1a47111c-5c14-4f97-bf0f-6d8aa9afce23', '64.12', null, '','2019-02-22','f6e2bc56-d5bf-43eb-baf4-1ce4e9b453c7','f4ab7a02-36e0-4323-aad7-cf88bfc18d37');
insert into expenses (id, amount, note, merchant, paid_on, property_id, expense_type_id) values ('756d52d4-edd2-4b18-97f6-94b07c87c747', '280.02', null, '','2019-03-01','f6e2bc56-d5bf-43eb-baf4-1ce4e9b453c7','d8a0877d-a2f2-41fb-b683-b8b916f7d219');
insert into expenses (id, amount, note, merchant, paid_on, property_id, expense_type_id) values ('96663d61-9d9b-432a-a900-174944383132', '255.9', null, 'oil','2019-03-06','10a3fd1f-7a26-4ec5-9e13-5837eb74d9af','85586c4b-76c1-4829-aafe-182066911124');
insert into expenses (id, amount, note, merchant, paid_on, property_id, expense_type_id) values ('0933123a-66ac-499a-90b1-ecbcdf69ad0f', '34.74', null, 'water','2019-03-05','10a3fd1f-7a26-4ec5-9e13-5837eb74d9af','85586c4b-76c1-4829-aafe-182066911124');
insert into expenses (id, amount, note, merchant, paid_on, property_id, expense_type_id) values ('e5215782-79fc-49d0-8408-b39c78a82fa3', '10.26', null, '','2019-03-18','f6e2bc56-d5bf-43eb-baf4-1ce4e9b453c7','f4ab7a02-36e0-4323-aad7-cf88bfc18d37');
insert into expenses (id, amount, note, merchant, paid_on, property_id, expense_type_id) values ('8c319358-0a93-42b2-bbcb-717dc79719bc', '62.65', null, 'lowes','2019-03-20','f6e2bc56-d5bf-43eb-baf4-1ce4e9b453c7','f4ab7a02-36e0-4323-aad7-cf88bfc18d37');
insert into expenses (id, amount, note, merchant, paid_on, property_id, expense_type_id) values ('ef06c073-a3fa-4939-b47f-0ef7f5019412', '63.0', null, 'lowes','2019-03-16','f6e2bc56-d5bf-43eb-baf4-1ce4e9b453c7','f4ab7a02-36e0-4323-aad7-cf88bfc18d37');
insert into expenses (id, amount, note, merchant, paid_on, property_id, expense_type_id) values ('ce0baf0d-b9c5-45b5-9d6d-1b5b2b89b166', '71.21', null, 'HD','2019-03-01','f6e2bc56-d5bf-43eb-baf4-1ce4e9b453c7','f4ab7a02-36e0-4323-aad7-cf88bfc18d37');
insert into expenses (id, amount, note, merchant, paid_on, property_id, expense_type_id) values ('f0d57f26-a3ab-477d-be44-64e32a3bbb60', '571.79', null, 'lowes','2019-03-13','f6e2bc56-d5bf-43eb-baf4-1ce4e9b453c7','f4ab7a02-36e0-4323-aad7-cf88bfc18d37');
insert into expenses (id, amount, note, merchant, paid_on, property_id, expense_type_id) values ('f07217dc-eaec-4756-ae55-2dc67d66d56d', '74.55', null, 'dump','2019-03-13','f6e2bc56-d5bf-43eb-baf4-1ce4e9b453c7','105c79dd-ff18-40b7-a92e-1705c833de63');
insert into expenses (id, amount, note, merchant, paid_on, property_id, expense_type_id) values ('67b6333f-4cc5-49f7-80da-d391e4a82db2', '36.32', null, 'HD','2019-03-09','f6e2bc56-d5bf-43eb-baf4-1ce4e9b453c7','f4ab7a02-36e0-4323-aad7-cf88bfc18d37');
insert into expenses (id, amount, note, merchant, paid_on, property_id, expense_type_id) values ('663e3e10-07f9-4425-882c-4c2c41fe7031', '16.68', null, 'HD','2019-03-06','f6e2bc56-d5bf-43eb-baf4-1ce4e9b453c7','f4ab7a02-36e0-4323-aad7-cf88bfc18d37');
insert into expenses (id, amount, note, merchant, paid_on, property_id, expense_type_id) values ('68589d15-3d7e-422d-a23c-43a5832c4abc', '4.37', null, 'family dollar','2019-03-13','f6e2bc56-d5bf-43eb-baf4-1ce4e9b453c7','105c79dd-ff18-40b7-a92e-1705c833de63');
insert into expenses (id, amount, note, merchant, paid_on, property_id, expense_type_id) values ('3d8999c8-fb54-482b-9300-a4d27c8e3aa3', '76.73', null, 'uhaul','2019-03-13','f6e2bc56-d5bf-43eb-baf4-1ce4e9b453c7','105c79dd-ff18-40b7-a92e-1705c833de63');
insert into expenses (id, amount, note, merchant, paid_on, property_id, expense_type_id) values ('82fe2ec1-8705-4362-8d0d-99d3fa1de0b8', '19.23', null, 'uhaul gas','2019-03-13','f6e2bc56-d5bf-43eb-baf4-1ce4e9b453c7','105c79dd-ff18-40b7-a92e-1705c833de63');
insert into expenses (id, amount, note, merchant, paid_on, property_id, expense_type_id) values ('c8011fe8-1e56-4615-a05c-1a8a9860162a', '466.17', null, 'Jenkins municipal','2019-03-20','10a3fd1f-7a26-4ec5-9e13-5837eb74d9af','914fdfc1-c8c9-4289-af59-b3d66c4110d8');
insert into expenses (id, amount, note, merchant, paid_on, property_id, expense_type_id) values ('1c9e75af-8885-4343-8e5c-8e8f64337c41', '386.49', null, 'Pittston City','2019-03-20','f6e2bc56-d5bf-43eb-baf4-1ce4e9b453c7','914fdfc1-c8c9-4289-af59-b3d66c4110d8');
insert into expenses (id, amount, note, merchant, paid_on, property_id, expense_type_id) values ('22689ad0-41b6-4485-9839-0a92d19233c3', '443.05', null, 'Pittston Municipal','2019-03-20','f6e2bc56-d5bf-43eb-baf4-1ce4e9b453c7','914fdfc1-c8c9-4289-af59-b3d66c4110d8');
insert into expenses (id, amount, note, merchant, paid_on, property_id, expense_type_id) values ('555ad37f-b70b-4641-a7fa-7a080ebfced5', '384.38', null, 'ugi','2019-03-20','f6e2bc56-d5bf-43eb-baf4-1ce4e9b453c7','85586c4b-76c1-4829-aafe-182066911124');
insert into expenses (id, amount, note, merchant, paid_on, property_id, expense_type_id) values ('c710e793-1460-4010-83db-b9067bc715ec', '25.66', null, 'ppl','2019-03-18','f6e2bc56-d5bf-43eb-baf4-1ce4e9b453c7','85586c4b-76c1-4829-aafe-182066911124');
insert into expenses (id, amount, note, merchant, paid_on, property_id, expense_type_id) values ('069d0273-753c-4a60-9d09-066153d9df27', '19.35', null, 'ppl','2019-03-18','10a3fd1f-7a26-4ec5-9e13-5837eb74d9af','85586c4b-76c1-4829-aafe-182066911124');
insert into expenses (id, amount, note, merchant, paid_on, property_id, expense_type_id) values ('ad332eb1-dd14-477a-8481-e012b0796c87', '23.37', null, 'HD','2019-03-20','f6e2bc56-d5bf-43eb-baf4-1ce4e9b453c7','f4ab7a02-36e0-4323-aad7-cf88bfc18d37');
insert into expenses (id, amount, note, merchant, paid_on, property_id, expense_type_id) values ('546ca4c7-a521-4126-8454-2a81dda2b1a3', '449.44', null, 'HD cabinets','2019-03-20','f6e2bc56-d5bf-43eb-baf4-1ce4e9b453c7','f4ab7a02-36e0-4323-aad7-cf88bfc18d37');
insert into expenses (id, amount, note, merchant, paid_on, property_id, expense_type_id) values ('7ffc8b63-2c20-4f3f-9149-ec8e8844383d', '15.38', null, 'water','2019-04-02','10a3fd1f-7a26-4ec5-9e13-5837eb74d9af','85586c4b-76c1-4829-aafe-182066911124');
insert into expenses (id, amount, note, merchant, paid_on, property_id, expense_type_id) values ('6644bcf6-16c1-4a8e-a246-8bc320fa446a', '34.74', null, 'water','2019-04-02','f6e2bc56-d5bf-43eb-baf4-1ce4e9b453c7','85586c4b-76c1-4829-aafe-182066911124');
insert into expenses (id, amount, note, merchant, paid_on, property_id, expense_type_id) values ('cc8841bd-2eee-4307-9449-10585adb95c5', '15.85', null, 'audible','2019-04-04','f6e2bc56-d5bf-43eb-baf4-1ce4e9b453c7','62de32fd-6039-4c85-b76f-45545ff7b650');
insert into expenses (id, amount, note, merchant, paid_on, property_id, expense_type_id) values ('220f0ca4-b5dc-436d-86dc-b2ae7f02795d', '158.19', null, 'hd','2019-04-12','f6e2bc56-d5bf-43eb-baf4-1ce4e9b453c7','f4ab7a02-36e0-4323-aad7-cf88bfc18d37');
insert into expenses (id, amount, note, merchant, paid_on, property_id, expense_type_id) values ('fa39a8a3-01da-41a5-bde1-387c90041cc7', '81.89', null, 'hd','2019-03-31','f6e2bc56-d5bf-43eb-baf4-1ce4e9b453c7','f4ab7a02-36e0-4323-aad7-cf88bfc18d37');
insert into expenses (id, amount, note, merchant, paid_on, property_id, expense_type_id) values ('49a370ad-a328-492c-b691-4abba3be62bf', '200.62', null, 'driscolls','2019-04-12','f6e2bc56-d5bf-43eb-baf4-1ce4e9b453c7','f4ab7a02-36e0-4323-aad7-cf88bfc18d37');
insert into expenses (id, amount, note, merchant, paid_on, property_id, expense_type_id) values ('0c8309da-431e-47f8-a7e9-baa505e8bcae', '34.71', null, 'hd truck rental','2019-03-27','f6e2bc56-d5bf-43eb-baf4-1ce4e9b453c7','105c79dd-ff18-40b7-a92e-1705c833de63');
insert into expenses (id, amount, note, merchant, paid_on, property_id, expense_type_id) values ('903a5ac4-e4fb-4bd6-b2b7-fbba470b99ee', '4.23', null, 'driscolls','2019-02-23','f6e2bc56-d5bf-43eb-baf4-1ce4e9b453c7','f4ab7a02-36e0-4323-aad7-cf88bfc18d37');
insert into expenses (id, amount, note, merchant, paid_on, property_id, expense_type_id) values ('a6d0dd32-bc0b-4b5a-8b12-3aca01f70168', '58.64', null, '','2019-08-28','f6e2bc56-d5bf-43eb-baf4-1ce4e9b453c7','f4ab7a02-36e0-4323-aad7-cf88bfc18d37');
insert into expenses (id, amount, note, merchant, paid_on, property_id, expense_type_id) values ('753442f7-49c2-4afb-a5e3-b6767aace3ef', '105.96', null, 'lowes','2019-03-27','f6e2bc56-d5bf-43eb-baf4-1ce4e9b453c7','f4ab7a02-36e0-4323-aad7-cf88bfc18d37');
insert into expenses (id, amount, note, merchant, paid_on, property_id, expense_type_id) values ('2de02f12-92ad-4364-8d1c-dde6e139e837', '23.33', null, 'electric','2019-04-15','f6e2bc56-d5bf-43eb-baf4-1ce4e9b453c7','85586c4b-76c1-4829-aafe-182066911124');
insert into expenses (id, amount, note, merchant, paid_on, property_id, expense_type_id) values ('af05dc0c-a612-490d-84e6-df632105f346', '21.47', null, 'electric','2019-04-15','f6e2bc56-d5bf-43eb-baf4-1ce4e9b453c7','85586c4b-76c1-4829-aafe-182066911124');
insert into expenses (id, amount, note, merchant, paid_on, property_id, expense_type_id) values ('617005a0-b09a-4fe3-8b0e-dd3fab8677ef', '292.86', null, 'gas','2019-04-18','f6e2bc56-d5bf-43eb-baf4-1ce4e9b453c7','85586c4b-76c1-4829-aafe-182066911124');
insert into expenses (id, amount, note, merchant, paid_on, property_id, expense_type_id) values ('b9c58365-3f56-4378-bb3f-abc15ae4be29', '46.35', null, 'modern gas','2019-04-20','10a3fd1f-7a26-4ec5-9e13-5837eb74d9af','85586c4b-76c1-4829-aafe-182066911124');
insert into expenses (id, amount, note, merchant, paid_on, property_id, expense_type_id) values ('360d6593-8302-4e5a-8699-b3209c9b6424', '9.82', null, 'driscolls','2019-04-19','f6e2bc56-d5bf-43eb-baf4-1ce4e9b453c7','f4ab7a02-36e0-4323-aad7-cf88bfc18d37');
insert into expenses (id, amount, note, merchant, paid_on, property_id, expense_type_id) values ('cc8f8fba-a76d-4d54-a395-a0b72dbc90d6', '16.67', null, 'hd','2019-04-19','f6e2bc56-d5bf-43eb-baf4-1ce4e9b453c7','f4ab7a02-36e0-4323-aad7-cf88bfc18d37');
insert into expenses (id, amount, note, merchant, paid_on, property_id, expense_type_id) values ('9df05661-31e6-44e9-8614-8cdd8f5e48d3', '72.5', null, 'sewer maint fee','2019-04-28','f6e2bc56-d5bf-43eb-baf4-1ce4e9b453c7','85586c4b-76c1-4829-aafe-182066911124');
insert into expenses (id, amount, note, merchant, paid_on, property_id, expense_type_id) values ('f59f9d76-41fc-4729-b705-4653887b3f71', '27.5', null, 'sewer maint fee','2019-04-28','10a3fd1f-7a26-4ec5-9e13-5837eb74d9af','85586c4b-76c1-4829-aafe-182066911124');
insert into expenses (id, amount, note, merchant, paid_on, property_id, expense_type_id) values ('695f342b-3141-4ff3-ac69-89330a999891', '27.5', null, 'sewer maint fee','2019-04-28','10a3fd1f-7a26-4ec5-9e13-5837eb74d9af','85586c4b-76c1-4829-aafe-182066911124');
insert into expenses (id, amount, note, merchant, paid_on, property_id, expense_type_id) values ('960d22ac-6ae4-4801-8318-2a19af7eaac3', '69.4', null, 'wvsa','2019-04-28','10a3fd1f-7a26-4ec5-9e13-5837eb74d9af','85586c4b-76c1-4829-aafe-182066911124');
insert into expenses (id, amount, note, merchant, paid_on, property_id, expense_type_id) values ('ed3418cf-9b0b-4488-aa43-695904f2c75c', '55.0', null, 'wvsa','2019-04-28','10a3fd1f-7a26-4ec5-9e13-5837eb74d9af','85586c4b-76c1-4829-aafe-182066911124');
insert into expenses (id, amount, note, merchant, paid_on, property_id, expense_type_id) values ('48e53d63-ee13-4691-9caa-6fcd354a016f', '72.9', null, 'hd','2019-04-28','f6e2bc56-d5bf-43eb-baf4-1ce4e9b453c7','105c79dd-ff18-40b7-a92e-1705c833de63');
insert into expenses (id, amount, note, merchant, paid_on, property_id, expense_type_id) values ('ffac13e8-915e-4d3e-93a0-840f29e7337e', '280.02', null, '','2019-05-01','f6e2bc56-d5bf-43eb-baf4-1ce4e9b453c7','d8a0877d-a2f2-41fb-b683-b8b916f7d219');
insert into expenses (id, amount, note, merchant, paid_on, property_id, expense_type_id) values ('863ef67a-0209-4811-a1c2-fa9e263c11f8', '280.02', null, '','2019-04-01','f6e2bc56-d5bf-43eb-baf4-1ce4e9b453c7','d8a0877d-a2f2-41fb-b683-b8b916f7d219');
insert into expenses (id, amount, note, merchant, paid_on, property_id, expense_type_id) values ('03106414-aac1-4e69-8bb7-39ddb35f301c', '15.85', null, 'audible','2019-05-06','f6e2bc56-d5bf-43eb-baf4-1ce4e9b453c7','62de32fd-6039-4c85-b76f-45545ff7b650');
insert into expenses (id, amount, note, merchant, paid_on, property_id, expense_type_id) values ('3aa81a29-7097-4d1b-8ffa-dd9d4e4a1782', '9.21', null, 'driscolls','2019-05-03','f6e2bc56-d5bf-43eb-baf4-1ce4e9b453c7','105c79dd-ff18-40b7-a92e-1705c833de63');
insert into expenses (id, amount, note, merchant, paid_on, property_id, expense_type_id) values ('6cd076fb-7b8c-4508-8f6d-2e0d03ea8362', '29.37', null, 'electric','2019-05-14','f6e2bc56-d5bf-43eb-baf4-1ce4e9b453c7','85586c4b-76c1-4829-aafe-182066911124');
insert into expenses (id, amount, note, merchant, paid_on, property_id, expense_type_id) values ('4c6095ef-5fae-44ee-8b3f-3c0b2d349372', '22.0', null, 'electric','2019-05-17','10a3fd1f-7a26-4ec5-9e13-5837eb74d9af','85586c4b-76c1-4829-aafe-182066911124');
insert into expenses (id, amount, note, merchant, paid_on, property_id, expense_type_id) values ('a1693310-3609-44a3-8048-5babd86671f4', '11.01', null, 'harbor freight','2019-05-11','f6e2bc56-d5bf-43eb-baf4-1ce4e9b453c7','f4ab7a02-36e0-4323-aad7-cf88bfc18d37');
insert into expenses (id, amount, note, merchant, paid_on, property_id, expense_type_id) values ('16e85a63-c8d8-4b4b-94dc-0e44b6d1066b', '5.41', null, 'lowes','2019-05-10','f6e2bc56-d5bf-43eb-baf4-1ce4e9b453c7','f4ab7a02-36e0-4323-aad7-cf88bfc18d37');
insert into expenses (id, amount, note, merchant, paid_on, property_id, expense_type_id) values ('67c57f0b-b17c-4134-be91-0432724cedff', '69.4', null, 'sewer','2019-05-19','f6e2bc56-d5bf-43eb-baf4-1ce4e9b453c7','85586c4b-76c1-4829-aafe-182066911124');
insert into expenses (id, amount, note, merchant, paid_on, property_id, expense_type_id) values ('d857a776-288b-4051-b6fc-a1004e2414fe', '21.19', null, 'petro','2019-05-25','f6e2bc56-d5bf-43eb-baf4-1ce4e9b453c7','105c79dd-ff18-40b7-a92e-1705c833de63');
insert into expenses (id, amount, note, merchant, paid_on, property_id, expense_type_id) values ('55ddbc7d-414e-4b41-b98a-b45d3d7da308', '4.76', null, 'old mill pine','2019-05-15','f6e2bc56-d5bf-43eb-baf4-1ce4e9b453c7','105c79dd-ff18-40b7-a92e-1705c833de63');
insert into expenses (id, amount, note, merchant, paid_on, property_id, expense_type_id) values ('62f9967f-133c-48c1-977b-e3d760c5d6c4', '68.77', null, 'hd','2019-05-20','f6e2bc56-d5bf-43eb-baf4-1ce4e9b453c7','f4ab7a02-36e0-4323-aad7-cf88bfc18d37');
insert into expenses (id, amount, note, merchant, paid_on, property_id, expense_type_id) values ('ba29a83f-017d-4c06-8a55-a79d73f644c8', '153.7', null, 'bypass mulch','2019-06-01','f6e2bc56-d5bf-43eb-baf4-1ce4e9b453c7','105c79dd-ff18-40b7-a92e-1705c833de63');
insert into expenses (id, amount, note, merchant, paid_on, property_id, expense_type_id) values ('03c84ac2-5e11-40f4-a50b-460fbd08c85f', '16.41', null, 'hd','2019-06-01','f6e2bc56-d5bf-43eb-baf4-1ce4e9b453c7','f4ab7a02-36e0-4323-aad7-cf88bfc18d37');
insert into expenses (id, amount, note, merchant, paid_on, property_id, expense_type_id) values ('be73fda6-bb53-4eed-88f0-18ed299ba0a3', '15.85', null, 'audible','2019-06-06','f6e2bc56-d5bf-43eb-baf4-1ce4e9b453c7','62de32fd-6039-4c85-b76f-45545ff7b650');
insert into expenses (id, amount, note, merchant, paid_on, property_id, expense_type_id) values ('7ca81378-0171-440c-b101-567b3b3d4e09', '11.9', null, 'harbor freight','2019-06-09','f6e2bc56-d5bf-43eb-baf4-1ce4e9b453c7','105c79dd-ff18-40b7-a92e-1705c833de63');
insert into expenses (id, amount, note, merchant, paid_on, property_id, expense_type_id) values ('ffc48c95-089f-4303-86e2-8402bb3b841b', '38.08', null, 'ppl','2019-06-13','10a3fd1f-7a26-4ec5-9e13-5837eb74d9af','85586c4b-76c1-4829-aafe-182066911124');
insert into expenses (id, amount, note, merchant, paid_on, property_id, expense_type_id) values ('9495c866-6eda-4c36-8f0e-0d9bd7b30dea', '280.02', null, '','2019-06-03','f6e2bc56-d5bf-43eb-baf4-1ce4e9b453c7','d8a0877d-a2f2-41fb-b683-b8b916f7d219');
insert into expenses (id, amount, note, merchant, paid_on, property_id, expense_type_id) values ('28dd46c3-a52a-4f86-a084-78abeef8e556', '79.73', null, 'ugi','2019-06-18','f6e2bc56-d5bf-43eb-baf4-1ce4e9b453c7','85586c4b-76c1-4829-aafe-182066911124');
insert into expenses (id, amount, note, merchant, paid_on, property_id, expense_type_id) values ('d4d6e4c1-88ff-4041-8561-11bb68ccacc9', '21.32', null, 'ppl','2019-06-17','10a3fd1f-7a26-4ec5-9e13-5837eb74d9af','85586c4b-76c1-4829-aafe-182066911124');
insert into expenses (id, amount, note, merchant, paid_on, property_id, expense_type_id) values ('59d419ec-111c-4fa3-bd9d-9f4c67d7892b', '16.94', null, 'driscolls','2019-06-12','f6e2bc56-d5bf-43eb-baf4-1ce4e9b453c7','f4ab7a02-36e0-4323-aad7-cf88bfc18d37');
insert into expenses (id, amount, note, merchant, paid_on, property_id, expense_type_id) values ('844de8c6-5d2b-4586-8c90-0d6212b21710', '10.79', null, 'driscolls','2019-06-09','f6e2bc56-d5bf-43eb-baf4-1ce4e9b453c7','f4ab7a02-36e0-4323-aad7-cf88bfc18d37');
insert into expenses (id, amount, note, merchant, paid_on, property_id, expense_type_id) values ('b8c10bc1-7e76-4648-9027-4c4f6f6a0aba', '1.78', null, 'harbor freight','2019-06-10','f6e2bc56-d5bf-43eb-baf4-1ce4e9b453c7','f4ab7a02-36e0-4323-aad7-cf88bfc18d37');
insert into expenses (id, amount, note, merchant, paid_on, property_id, expense_type_id) values ('57f215db-0ea6-4960-b45d-5936337459c9', '4025.0', null, 'paint outside of house','2019-06-26','f6e2bc56-d5bf-43eb-baf4-1ce4e9b453c7','b89a33c6-ed73-48dd-9948-016a2cd8cee2');
insert into expenses (id, amount, note, merchant, paid_on, property_id, expense_type_id) values ('85ecb02b-2f31-490a-9fd9-d9dbfccdb327', '25.97', null, 'HD','2019-06-13','f6e2bc56-d5bf-43eb-baf4-1ce4e9b453c7','f4ab7a02-36e0-4323-aad7-cf88bfc18d37');
insert into expenses (id, amount, note, merchant, paid_on, property_id, expense_type_id) values ('08ffb964-7e01-406a-81e7-a6cf8cab0506', '121.79', null, 'HD','2019-06-15','f6e2bc56-d5bf-43eb-baf4-1ce4e9b453c7','f4ab7a02-36e0-4323-aad7-cf88bfc18d37');
insert into expenses (id, amount, note, merchant, paid_on, property_id, expense_type_id) values ('8a9297bc-3829-418a-bd6f-4033edad0005', '280.36', null, '','2019-07-01','f6e2bc56-d5bf-43eb-baf4-1ce4e9b453c7','d8a0877d-a2f2-41fb-b683-b8b916f7d219');
insert into expenses (id, amount, note, merchant, paid_on, property_id, expense_type_id) values ('1824bc43-11af-4569-b890-ad77fbb94539', '15.42', null, 'water','2019-07-01','10a3fd1f-7a26-4ec5-9e13-5837eb74d9af','85586c4b-76c1-4829-aafe-182066911124');
insert into expenses (id, amount, note, merchant, paid_on, property_id, expense_type_id) values ('5b75bf52-19b5-47ad-b35a-a13065c94b4c', '37.11', null, 'water','2019-07-01','f6e2bc56-d5bf-43eb-baf4-1ce4e9b453c7','85586c4b-76c1-4829-aafe-182066911124');
insert into expenses (id, amount, note, merchant, paid_on, property_id, expense_type_id) values ('097589c7-7962-4eb6-8219-1406e866eed7', '22.5', null, 'sewer','2019-07-07','10a3fd1f-7a26-4ec5-9e13-5837eb74d9af','85586c4b-76c1-4829-aafe-182066911124');
insert into expenses (id, amount, note, merchant, paid_on, property_id, expense_type_id) values ('3c28148b-edc3-43e5-86b9-0eb6eaa773a3', '22.5', null, 'sewer 50','2019-07-07','10a3fd1f-7a26-4ec5-9e13-5837eb74d9af','85586c4b-76c1-4829-aafe-182066911124');
insert into expenses (id, amount, note, merchant, paid_on, property_id, expense_type_id) values ('1e81e77b-a396-4a92-ade2-b47f9a119db6', '128.26', null, 'soil delivery','2019-07-07','10a3fd1f-7a26-4ec5-9e13-5837eb74d9af','105c79dd-ff18-40b7-a92e-1705c833de63');
insert into expenses (id, amount, note, merchant, paid_on, property_id, expense_type_id) values ('a9bb34ca-7849-4438-ba6f-bdaf8dbe384e', '38.84', null, 'driscolls','2019-07-04','f6e2bc56-d5bf-43eb-baf4-1ce4e9b453c7','105c79dd-ff18-40b7-a92e-1705c833de63');
insert into expenses (id, amount, note, merchant, paid_on, property_id, expense_type_id) values ('b8d4dfaa-ba5e-409b-9d14-8efeec11632e', '72.5', null, 'sewer','2019-07-08','f6e2bc56-d5bf-43eb-baf4-1ce4e9b453c7','85586c4b-76c1-4829-aafe-182066911124');
insert into expenses (id, amount, note, merchant, paid_on, property_id, expense_type_id) values ('76be33b4-f57a-4ef1-a3cd-1ab7982e786c', '20.15', null, 'walmart','2019-07-14','f6e2bc56-d5bf-43eb-baf4-1ce4e9b453c7','105c79dd-ff18-40b7-a92e-1705c833de63');
insert into expenses (id, amount, note, merchant, paid_on, property_id, expense_type_id) values ('2c64ac32-2c41-46f2-9b10-6608d0802609', '111.77', null, 'home depot','2019-07-07','f6e2bc56-d5bf-43eb-baf4-1ce4e9b453c7','f4ab7a02-36e0-4323-aad7-cf88bfc18d37');
insert into expenses (id, amount, note, merchant, paid_on, property_id, expense_type_id) values ('06198454-6226-4521-bfa7-0355d1fa73de', '7.61', null, 'water','2019-07-26','10a3fd1f-7a26-4ec5-9e13-5837eb74d9af','85586c4b-76c1-4829-aafe-182066911124');
insert into expenses (id, amount, note, merchant, paid_on, property_id, expense_type_id) values ('7bc4a316-390e-4b43-af1f-a88fc8d65108', '280.36', null, '','2019-08-01','f6e2bc56-d5bf-43eb-baf4-1ce4e9b453c7','d8a0877d-a2f2-41fb-b683-b8b916f7d219');
insert into expenses (id, amount, note, merchant, paid_on, property_id, expense_type_id) values ('0ae8a31a-52cd-4f71-99bd-27164461aa93', '105.0', null, 'emergency plumbing','2019-07-29','10a3fd1f-7a26-4ec5-9e13-5837eb74d9af','b89a33c6-ed73-48dd-9948-016a2cd8cee2');
insert into expenses (id, amount, note, merchant, paid_on, property_id, expense_type_id) values ('d6975745-0153-4c6f-be2e-a36ebcd94da8', '115.14', null, 'hd','2019-08-04','f6e2bc56-d5bf-43eb-baf4-1ce4e9b453c7','f4ab7a02-36e0-4323-aad7-cf88bfc18d37');
insert into expenses (id, amount, note, merchant, paid_on, property_id, expense_type_id) values ('b787bab9-fdc4-419f-ae32-d45e222fce07', '34.98', null, 'water','2019-08-01','f6e2bc56-d5bf-43eb-baf4-1ce4e9b453c7','85586c4b-76c1-4829-aafe-182066911124');
insert into expenses (id, amount, note, merchant, paid_on, property_id, expense_type_id) values ('4a092fd8-e56c-4b9e-8d9c-c35a2957a6cd', '69.4', null, 'sewer','2019-09-04','f6e2bc56-d5bf-43eb-baf4-1ce4e9b453c7','85586c4b-76c1-4829-aafe-182066911124');
insert into expenses (id, amount, note, merchant, paid_on, property_id, expense_type_id) values ('a38d885c-1178-4b38-b60f-c8b8f6ac2f0d', '124.4', null, 'sewer 48 and 50','2019-09-04','10a3fd1f-7a26-4ec5-9e13-5837eb74d9af','85586c4b-76c1-4829-aafe-182066911124');
insert into expenses (id, amount, note, merchant, paid_on, property_id, expense_type_id) values ('b25b95c9-6a4c-44ce-8a2b-1b72b456b724', '263.97', null, '','2019-08-17','f6e2bc56-d5bf-43eb-baf4-1ce4e9b453c7','f4ab7a02-36e0-4323-aad7-cf88bfc18d37');
insert into expenses (id, amount, note, merchant, paid_on, property_id, expense_type_id) values ('a08e41e5-8e9a-4e7f-a4c7-edcc0fecea91', '8.03', null, 'driscolls','2019-08-18','f6e2bc56-d5bf-43eb-baf4-1ce4e9b453c7','f4ab7a02-36e0-4323-aad7-cf88bfc18d37');
insert into expenses (id, amount, note, merchant, paid_on, property_id, expense_type_id) values ('bbdc8f32-4365-4643-b580-218f630581a8', '21.17', null, 'ppl','2019-08-15','f6e2bc56-d5bf-43eb-baf4-1ce4e9b453c7','85586c4b-76c1-4829-aafe-182066911124');
insert into expenses (id, amount, note, merchant, paid_on, property_id, expense_type_id) values ('391f6177-a5e3-4db8-9e0b-fb2945cc8659', '62.42', null, 'ppl','2019-08-14','f6e2bc56-d5bf-43eb-baf4-1ce4e9b453c7','85586c4b-76c1-4829-aafe-182066911124');
insert into expenses (id, amount, note, merchant, paid_on, property_id, expense_type_id) values ('d68ab10b-8df0-4aee-8821-bf016f04f8e2', '18.91', null, 'ugi','2019-08-19','f6e2bc56-d5bf-43eb-baf4-1ce4e9b453c7','85586c4b-76c1-4829-aafe-182066911124');
insert into expenses (id, amount, note, merchant, paid_on, property_id, expense_type_id) values ('52d038b2-a1ad-4c0b-b82f-f663fdc3c03d', '100.0', null, 'rental inspection fee','2019-08-31','f6e2bc56-d5bf-43eb-baf4-1ce4e9b453c7','3fe8f8b0-608e-4ab7-bf69-747e63a8ce2d');
insert into expenses (id, amount, note, merchant, paid_on, property_id, expense_type_id) values ('f181ca47-33c6-441b-9e25-460926dc66d5', '100.0', null, 'Pittston inspection','2019-09-04','f6e2bc56-d5bf-43eb-baf4-1ce4e9b453c7','3fe8f8b0-608e-4ab7-bf69-747e63a8ce2d');
insert into expenses (id, amount, note, merchant, paid_on, property_id, expense_type_id) values ('0ca5dca2-0d10-490c-946a-0eafa6b3d60c', '49.88', null, 'water','2019-09-03','f6e2bc56-d5bf-43eb-baf4-1ce4e9b453c7','85586c4b-76c1-4829-aafe-182066911124');
insert into expenses (id, amount, note, merchant, paid_on, property_id, expense_type_id) values ('e6b029c5-de8b-4934-8a71-98505cb9e01a', '280.02', null, '','2019-09-01','f6e2bc56-d5bf-43eb-baf4-1ce4e9b453c7','d8a0877d-a2f2-41fb-b683-b8b916f7d219');
insert into expenses (id, amount, note, merchant, paid_on, property_id, expense_type_id) values ('16824649-d0b6-4a29-82f4-6560186e6b46', '466.29', null, 'voitek','2019-09-04','f6e2bc56-d5bf-43eb-baf4-1ce4e9b453c7','f4ab7a02-36e0-4323-aad7-cf88bfc18d37');
insert into expenses (id, amount, note, merchant, paid_on, property_id, expense_type_id) values ('4130d4b4-a6d6-4b87-9bff-bd1a12093ffd', '1335.6', null, 'Millers','2019-08-31','10a3fd1f-7a26-4ec5-9e13-5837eb74d9af','f4ab7a02-36e0-4323-aad7-cf88bfc18d37');
insert into expenses (id, amount, note, merchant, paid_on, property_id, expense_type_id) values ('2fe9015b-b5bf-4edd-895f-6f3e1a94041a', '14.81', null, 'harbor freight','2019-08-26','f6e2bc56-d5bf-43eb-baf4-1ce4e9b453c7','f4ab7a02-36e0-4323-aad7-cf88bfc18d37');
insert into expenses (id, amount, note, merchant, paid_on, property_id, expense_type_id) values ('1e776c59-4b9f-4734-badc-f1b6a3c9c30a', '9.53', null, 'drain cleaner','2019-09-04','10a3fd1f-7a26-4ec5-9e13-5837eb74d9af','105c79dd-ff18-40b7-a92e-1705c833de63');
insert into expenses (id, amount, note, merchant, paid_on, property_id, expense_type_id) values ('c54ece2c-1e29-4724-aebe-9dc48c5b5f6b', '98.0', null, 'fix porch boards','2019-08-05','f6e2bc56-d5bf-43eb-baf4-1ce4e9b453c7','b89a33c6-ed73-48dd-9948-016a2cd8cee2');
insert into expenses (id, amount, note, merchant, paid_on, property_id, expense_type_id) values ('1f8ef08e-1da9-4f4a-aecf-54644eb32a7f', '262.4', null, 'fix wiring','2019-08-19','f6e2bc56-d5bf-43eb-baf4-1ce4e9b453c7','b89a33c6-ed73-48dd-9948-016a2cd8cee2');
insert into expenses (id, amount, note, merchant, paid_on, property_id, expense_type_id) values ('c15bb365-7dc1-43d0-ab4f-ae77a7143c02', '25.0', null, 'fix wiring','2019-08-19','f6e2bc56-d5bf-43eb-baf4-1ce4e9b453c7','b89a33c6-ed73-48dd-9948-016a2cd8cee2');
insert into expenses (id, amount, note, merchant, paid_on, property_id, expense_type_id) values ('1a2eecaf-eeaa-450e-97cd-5734548765eb', '1335.6', null, 'Millers Surplus','2019-09-02','10a3fd1f-7a26-4ec5-9e13-5837eb74d9af','f4ab7a02-36e0-4323-aad7-cf88bfc18d37');
insert into expenses (id, amount, note, merchant, paid_on, property_id, expense_type_id) values ('3125b32a-ae5f-4dbd-b50c-c12de4f50c91', '59.08', null, 'ppl','2019-09-12','f6e2bc56-d5bf-43eb-baf4-1ce4e9b453c7','85586c4b-76c1-4829-aafe-182066911124');
insert into expenses (id, amount, note, merchant, paid_on, property_id, expense_type_id) values ('2fa2dc1a-dfa5-412d-96ba-c596dba72b50', '21.21', null, 'ppl','2019-09-16','10a3fd1f-7a26-4ec5-9e13-5837eb74d9af','85586c4b-76c1-4829-aafe-182066911124');
insert into expenses (id, amount, note, merchant, paid_on, property_id, expense_type_id) values ('57d2e992-9aa9-4494-ac95-8e4baf556925', '26.56', null, 'driscolls','2019-09-07','f6e2bc56-d5bf-43eb-baf4-1ce4e9b453c7','105c79dd-ff18-40b7-a92e-1705c833de63');
insert into expenses (id, amount, note, merchant, paid_on, property_id, expense_type_id) values ('7b7b2869-2ec7-44e0-8d50-cbbb23bd29b6', '43.28', null, 'hd','2019-09-04','f6e2bc56-d5bf-43eb-baf4-1ce4e9b453c7','f4ab7a02-36e0-4323-aad7-cf88bfc18d37');
insert into expenses (id, amount, note, merchant, paid_on, property_id, expense_type_id) values ('7f6e0120-8f35-474e-95da-152cabea078d', '19.7', null, 'lowes','2019-09-04','f6e2bc56-d5bf-43eb-baf4-1ce4e9b453c7','f4ab7a02-36e0-4323-aad7-cf88bfc18d37');
insert into expenses (id, amount, note, merchant, paid_on, property_id, expense_type_id) values ('c5952a3b-5541-4c98-b4c1-9533fc3d7a43', '69.36', null, 'hd','2019-09-08','f6e2bc56-d5bf-43eb-baf4-1ce4e9b453c7','f4ab7a02-36e0-4323-aad7-cf88bfc18d37');
insert into expenses (id, amount, note, merchant, paid_on, property_id, expense_type_id) values ('7dcb7a1b-27f9-44b3-8ee6-c6f6804c356a', '0.0', '', 'with image','2019-09-01','10a3fd1f-7a26-4ec5-9e13-5837eb74d9af','f4ab7a02-36e0-4323-aad7-cf88bfc18d37');
insert into expenses (id, amount, note, merchant, paid_on, property_id, expense_type_id) values ('3a3362c4-daa4-4b09-a89b-82922f054719', '210.1', 'with late fee', 'Pittston City Garbage','2019-10-04','f6e2bc56-d5bf-43eb-baf4-1ce4e9b453c7','3fe8f8b0-608e-4ab7-bf69-747e63a8ce2d');
insert into expenses (id, amount, note, merchant, paid_on, property_id, expense_type_id) values ('d700f3bd-0d0d-4718-bfdb-22024190c4ee', '280.02', '', 'mortgage','2019-10-01','f6e2bc56-d5bf-43eb-baf4-1ce4e9b453c7','d8a0877d-a2f2-41fb-b683-b8b916f7d219');
insert into expenses (id, amount, note, merchant, paid_on, property_id, expense_type_id) values ('3d4ec6aa-eabf-4685-8893-87ff8194edce', '1033.71', '', 'Pittston City taxes','2019-10-08','f6e2bc56-d5bf-43eb-baf4-1ce4e9b453c7','914fdfc1-c8c9-4289-af59-b3d66c4110d8');
insert into expenses (id, amount, note, merchant, paid_on, property_id, expense_type_id) values ('b6aaf478-d1d8-47fe-bec2-f30fbef1c940', '156.02', '', 'UGI','2022-12-15','f6e2bc56-d5bf-43eb-baf4-1ce4e9b453c7','85586c4b-76c1-4829-aafe-182066911124');
insert into expenses (id, amount, note, merchant, paid_on, property_id, expense_type_id) values ('df6a15f7-dcb9-43fb-9739-a45185b6f168', '986.73', '', 'Jenkins Township Taxes','2019-10-08','10a3fd1f-7a26-4ec5-9e13-5837eb74d9af','914fdfc1-c8c9-4289-af59-b3d66c4110d8');
insert into expenses (id, amount, note, merchant, paid_on, property_id, expense_type_id) values ('a7fdb8c4-7fa7-40a7-a34e-2ab67409f1e2', '2.95', 'for rent signs', 'Driscolls','2019-09-19','f6e2bc56-d5bf-43eb-baf4-1ce4e9b453c7','3fe8f8b0-608e-4ab7-bf69-747e63a8ce2d');
insert into expenses (id, amount, note, merchant, paid_on, property_id, expense_type_id) values ('7b20ff7f-8dee-4c4f-a8e7-46e388fd2b45', '56.77', '', 'Harbor Freight','2019-10-17','10a3fd1f-7a26-4ec5-9e13-5837eb74d9af','f4ab7a02-36e0-4323-aad7-cf88bfc18d37');
insert into expenses (id, amount, note, merchant, paid_on, property_id, expense_type_id) values ('a4025258-c561-4ac5-ab3b-3fa4a1172f20', '7.6', '', 'Petros','2019-10-04','f6e2bc56-d5bf-43eb-baf4-1ce4e9b453c7','f4ab7a02-36e0-4323-aad7-cf88bfc18d37');
insert into expenses (id, amount, note, merchant, paid_on, property_id, expense_type_id) values ('1ae94d12-2ced-46f4-9f42-27dea7ff4a28', '104.28', '', 'Home Depot','2019-10-05','10a3fd1f-7a26-4ec5-9e13-5837eb74d9af','f4ab7a02-36e0-4323-aad7-cf88bfc18d37');
insert into expenses (id, amount, note, merchant, paid_on, property_id, expense_type_id) values ('10b6127e-289c-4f77-a99f-659c6e8a2695', '20.13', 'gas can', 'Driscolls','2019-10-05','f6e2bc56-d5bf-43eb-baf4-1ce4e9b453c7','105c79dd-ff18-40b7-a92e-1705c833de63');
insert into expenses (id, amount, note, merchant, paid_on, property_id, expense_type_id) values ('198f3b34-3a9f-4087-8b36-c30a288f36b8', '185.79', 'lawn mower', 'Driscolls','2019-10-05','f6e2bc56-d5bf-43eb-baf4-1ce4e9b453c7','105c79dd-ff18-40b7-a92e-1705c833de63');
insert into expenses (id, amount, note, merchant, paid_on, property_id, expense_type_id) values ('9bc9f178-1d4c-48bf-9f9f-2ce8fb4bc513', '4324.5', 'porch', 'Danielson','2019-10-14','10a3fd1f-7a26-4ec5-9e13-5837eb74d9af','b89a33c6-ed73-48dd-9948-016a2cd8cee2');
insert into expenses (id, amount, note, merchant, paid_on, property_id, expense_type_id) values ('59091a6d-6fd3-42bb-a610-be031148c672', '70.76', '', 'Uhaul','2019-10-14','10a3fd1f-7a26-4ec5-9e13-5837eb74d9af','f4ab7a02-36e0-4323-aad7-cf88bfc18d37');
insert into expenses (id, amount, note, merchant, paid_on, property_id, expense_type_id) values ('2b3d9b51-ad6c-4d24-bffc-2afb08001dd5', '74.49', '', 'Alliance Landfill','2019-10-14','10a3fd1f-7a26-4ec5-9e13-5837eb74d9af','f4ab7a02-36e0-4323-aad7-cf88bfc18d37');
insert into expenses (id, amount, note, merchant, paid_on, property_id, expense_type_id) values ('a7a6e54b-837b-4c38-b306-4de4f23bd3cf', '29.62', '', 'Home Depot','2019-10-14','10a3fd1f-7a26-4ec5-9e13-5837eb74d9af','f4ab7a02-36e0-4323-aad7-cf88bfc18d37');
insert into expenses (id, amount, note, merchant, paid_on, property_id, expense_type_id) values ('e47dba93-50bb-408f-9469-846ba19f09dd', '6.34', '', 'Driscolls','2019-10-13','10a3fd1f-7a26-4ec5-9e13-5837eb74d9af','f4ab7a02-36e0-4323-aad7-cf88bfc18d37');
insert into expenses (id, amount, note, merchant, paid_on, property_id, expense_type_id) values ('3826d968-ff82-47f3-a3fc-c5ed5c0f60f6', '24.16', '', 'UGI','2019-10-17','f6e2bc56-d5bf-43eb-baf4-1ce4e9b453c7','85586c4b-76c1-4829-aafe-182066911124');
insert into expenses (id, amount, note, merchant, paid_on, property_id, expense_type_id) values ('29246136-063d-42b7-b3b3-688f9a26d601', '58.72', '', 'PPL','2019-10-16','f6e2bc56-d5bf-43eb-baf4-1ce4e9b453c7','85586c4b-76c1-4829-aafe-182066911124');
insert into expenses (id, amount, note, merchant, paid_on, property_id, expense_type_id) values ('6d1c9e60-4b1a-41cc-bee8-edff82f5059c', '21.7', '', 'PPL','2019-10-15','10a3fd1f-7a26-4ec5-9e13-5837eb74d9af','85586c4b-76c1-4829-aafe-182066911124');
insert into expenses (id, amount, note, merchant, paid_on, property_id, expense_type_id) values ('69c1ae3a-a567-42fb-b35d-149f791d2056', '280.02', '', 'mortgage','2019-11-01','f6e2bc56-d5bf-43eb-baf4-1ce4e9b453c7','d8a0877d-a2f2-41fb-b683-b8b916f7d219');
insert into expenses (id, amount, note, merchant, paid_on, property_id, expense_type_id) values ('36750ed8-59a0-49e7-9a54-55c1c0e2e81d', '44.15', '', 'water','2019-10-01','f6e2bc56-d5bf-43eb-baf4-1ce4e9b453c7','85586c4b-76c1-4829-aafe-182066911124');
insert into expenses (id, amount, note, merchant, paid_on, property_id, expense_type_id) values ('d15eab92-aec6-4220-8fce-e98bb6467e11', '34.25', '', 'water','2019-10-30','f6e2bc56-d5bf-43eb-baf4-1ce4e9b453c7','85586c4b-76c1-4829-aafe-182066911124');
insert into expenses (id, amount, note, merchant, paid_on, property_id, expense_type_id) values ('27c7bb9f-e018-4b81-a4c1-a1a6fcfd631d', '28.24', '', 'PPL','2019-10-29','f6e2bc56-d5bf-43eb-baf4-1ce4e9b453c7','85586c4b-76c1-4829-aafe-182066911124');
insert into expenses (id, amount, note, merchant, paid_on, property_id, expense_type_id) values ('9eaebfa9-601e-4e65-83c4-3a2803dcb726', '950.0', 'Adam Vitale', 'Basement cleanout','2019-10-30','10a3fd1f-7a26-4ec5-9e13-5837eb74d9af','e7735487-0bb4-4b2e-8191-0b92d4a665d6');
insert into expenses (id, amount, note, merchant, paid_on, property_id, expense_type_id) values ('8efe7927-3daa-4b7e-90a8-4748e57cb575', '72.5', '', 'sewer','2019-10-31','f6e2bc56-d5bf-43eb-baf4-1ce4e9b453c7','85586c4b-76c1-4829-aafe-182066911124');
insert into expenses (id, amount, note, merchant, paid_on, property_id, expense_type_id) values ('30620c83-acd9-47c6-b31d-ad9ccb0b0c90', '55.0', '', 'sewer','2019-10-31','10a3fd1f-7a26-4ec5-9e13-5837eb74d9af','85586c4b-76c1-4829-aafe-182066911124');
insert into expenses (id, amount, note, merchant, paid_on, property_id, expense_type_id) values ('b956555c-f538-4626-a7de-d5c9e8f30553', '25.0', '', 'sewer','2019-10-31','10a3fd1f-7a26-4ec5-9e13-5837eb74d9af','85586c4b-76c1-4829-aafe-182066911124');
insert into expenses (id, amount, note, merchant, paid_on, property_id, expense_type_id) values ('eae34b75-c6a6-4920-a17f-f17a5b132396', '69.4', '', 'sewer','2019-10-31','10a3fd1f-7a26-4ec5-9e13-5837eb74d9af','85586c4b-76c1-4829-aafe-182066911124');
insert into expenses (id, amount, note, merchant, paid_on, property_id, expense_type_id) values ('172c3e97-3ad8-4013-9fdf-05589b02fe2e', '25.0', '', 'sewer','2019-10-31','10a3fd1f-7a26-4ec5-9e13-5837eb74d9af','85586c4b-76c1-4829-aafe-182066911124');
insert into expenses (id, amount, note, merchant, paid_on, property_id, expense_type_id) values ('dc7694eb-14de-4d74-9f3b-9405b65204c1', '3.16', '', 'Driscolls','2019-10-28','10a3fd1f-7a26-4ec5-9e13-5837eb74d9af','f4ab7a02-36e0-4323-aad7-cf88bfc18d37');
insert into expenses (id, amount, note, merchant, paid_on, property_id, expense_type_id) values ('a7560e96-a8a5-4206-a15f-14b3f35e12d5', '125.77', '', 'Home Depot','2019-11-02','10a3fd1f-7a26-4ec5-9e13-5837eb74d9af','f4ab7a02-36e0-4323-aad7-cf88bfc18d37');
insert into expenses (id, amount, note, merchant, paid_on, property_id, expense_type_id) values ('4e9759e8-be5d-4ce1-971f-5a29e77c020e', '15.35', '', 'Home Depot','2019-10-13','10a3fd1f-7a26-4ec5-9e13-5837eb74d9af','f4ab7a02-36e0-4323-aad7-cf88bfc18d37');
insert into expenses (id, amount, note, merchant, paid_on, property_id, expense_type_id) values ('a74c04b5-02e5-45f6-a134-a73d7ec6a70b', '288.39', '', 'Lowes','2019-10-19','10a3fd1f-7a26-4ec5-9e13-5837eb74d9af','f4ab7a02-36e0-4323-aad7-cf88bfc18d37');
insert into expenses (id, amount, note, merchant, paid_on, property_id, expense_type_id) values ('be8af746-27d3-4d97-9953-f573d478fe08', '39.71', 'sander', 'Harbor Freight','2019-11-06','10a3fd1f-7a26-4ec5-9e13-5837eb74d9af','105c79dd-ff18-40b7-a92e-1705c833de63');
insert into expenses (id, amount, note, merchant, paid_on, property_id, expense_type_id) values ('687cdb90-68e0-4a0f-a542-13c8b96c7317', '34.61', '', 'Home Depot','2019-11-10','10a3fd1f-7a26-4ec5-9e13-5837eb74d9af','f4ab7a02-36e0-4323-aad7-cf88bfc18d37');
insert into expenses (id, amount, note, merchant, paid_on, property_id, expense_type_id) values ('13e6867e-58fb-4fa4-b7e1-e0bbd2ce94c6', '16.37', '', 'Home Depot','2019-11-09','10a3fd1f-7a26-4ec5-9e13-5837eb74d9af','f4ab7a02-36e0-4323-aad7-cf88bfc18d37');
insert into expenses (id, amount, note, merchant, paid_on, property_id, expense_type_id) values ('f9285416-428f-43d1-9de4-5303b22bf013', '12.66', '', 'Home Depot','2019-11-10','10a3fd1f-7a26-4ec5-9e13-5837eb74d9af','f4ab7a02-36e0-4323-aad7-cf88bfc18d37');
insert into expenses (id, amount, note, merchant, paid_on, property_id, expense_type_id) values ('06a92680-54b6-4c2f-bdc8-d6f62aa13ef0', '22.34', '', 'PPL','2019-11-14','10a3fd1f-7a26-4ec5-9e13-5837eb74d9af','85586c4b-76c1-4829-aafe-182066911124');
insert into expenses (id, amount, note, merchant, paid_on, property_id, expense_type_id) values ('57eb32c9-e152-4e0b-85dc-907ba7c511ae', '66.67', '', 'UGI','2019-11-18','f6e2bc56-d5bf-43eb-baf4-1ce4e9b453c7','85586c4b-76c1-4829-aafe-182066911124');
insert into expenses (id, amount, note, merchant, paid_on, property_id, expense_type_id) values ('58404a90-9659-4447-9550-278d30593957', '141.1', '', 'UGI','2019-12-12','f6e2bc56-d5bf-43eb-baf4-1ce4e9b453c7','85586c4b-76c1-4829-aafe-182066911124');
insert into expenses (id, amount, note, merchant, paid_on, property_id, expense_type_id) values ('04ea72a7-52a6-45fe-93ad-0abf42f36cdc', '10.15', '', 'Driscolls','2019-11-29','f6e2bc56-d5bf-43eb-baf4-1ce4e9b453c7','f4ab7a02-36e0-4323-aad7-cf88bfc18d37');
insert into expenses (id, amount, note, merchant, paid_on, property_id, expense_type_id) values ('9966b78d-df17-4ca4-8c51-5ef77cc5443b', '254.9', '', 'lokutas','2019-12-03','10a3fd1f-7a26-4ec5-9e13-5837eb74d9af','85586c4b-76c1-4829-aafe-182066911124');
insert into expenses (id, amount, note, merchant, paid_on, property_id, expense_type_id) values ('c16e53df-6e6a-45ec-99b2-dafbd1e5fdf4', '125.0', '', 'Carl Krasavage','2019-12-03','f6e2bc56-d5bf-43eb-baf4-1ce4e9b453c7','b89a33c6-ed73-48dd-9948-016a2cd8cee2');
insert into expenses (id, amount, note, merchant, paid_on, property_id, expense_type_id) values ('0c70de41-ba58-4aba-a6e2-790c35b00a92', '34.19', '', 'driscolls','2019-11-30','f6e2bc56-d5bf-43eb-baf4-1ce4e9b453c7','f4ab7a02-36e0-4323-aad7-cf88bfc18d37');
insert into expenses (id, amount, note, merchant, paid_on, property_id, expense_type_id) values ('fbe77019-9c09-4eef-bac7-40caf941649c', '4.23', '', 'Petros','2019-11-10','f6e2bc56-d5bf-43eb-baf4-1ce4e9b453c7','f4ab7a02-36e0-4323-aad7-cf88bfc18d37');
insert into expenses (id, amount, note, merchant, paid_on, property_id, expense_type_id) values ('dde1bc3c-8166-46f1-9d02-213070fc372f', '14.46', '', 'Driscolls','2019-11-25','10a3fd1f-7a26-4ec5-9e13-5837eb74d9af','f4ab7a02-36e0-4323-aad7-cf88bfc18d37');
insert into expenses (id, amount, note, merchant, paid_on, property_id, expense_type_id) values ('3a4dc5b6-16c0-4749-a7b5-99988d96614d', '35.59', '', 'Modern Gas','2019-12-08','10a3fd1f-7a26-4ec5-9e13-5837eb74d9af','85586c4b-76c1-4829-aafe-182066911124');
insert into expenses (id, amount, note, merchant, paid_on, property_id, expense_type_id) values ('641b28bf-dd72-4cf9-8d9f-d8f11d674fcc', '84.0', 'fix bathtub drain', 'Danielson','2019-11-14','10a3fd1f-7a26-4ec5-9e13-5837eb74d9af','b89a33c6-ed73-48dd-9948-016a2cd8cee2');
insert into expenses (id, amount, note, merchant, paid_on, property_id, expense_type_id) values ('10fc6ea4-79aa-4ddd-b617-ab52854b9fd4', '130.0', 'furnace cleanout', 'Roy Walter','2019-12-03','10a3fd1f-7a26-4ec5-9e13-5837eb74d9af','b89a33c6-ed73-48dd-9948-016a2cd8cee2');
insert into expenses (id, amount, note, merchant, paid_on, property_id, expense_type_id) values ('011ec518-5ebc-4273-bd25-3d3d7dbdee94', '130.0', '', 'Roy Walter','2019-12-03','f6e2bc56-d5bf-43eb-baf4-1ce4e9b453c7','b89a33c6-ed73-48dd-9948-016a2cd8cee2');
insert into expenses (id, amount, note, merchant, paid_on, property_id, expense_type_id) values ('d132b745-8cb3-493e-8d6f-4116d9f776a5', '76.04', '', 'water','2019-12-03','f6e2bc56-d5bf-43eb-baf4-1ce4e9b453c7','85586c4b-76c1-4829-aafe-182066911124');
insert into expenses (id, amount, note, merchant, paid_on, property_id, expense_type_id) values ('d10a66c0-3f63-497d-997f-b14c19ad7dd5', '280.02', '', 'mortgage','2019-12-01','f6e2bc56-d5bf-43eb-baf4-1ce4e9b453c7','d8a0877d-a2f2-41fb-b683-b8b916f7d219');
insert into expenses (id, amount, note, merchant, paid_on, property_id, expense_type_id) values ('d46f0af9-0562-437d-b237-73df4dbcf28d', '141.1', '', 'ugi','2019-12-16','f6e2bc56-d5bf-43eb-baf4-1ce4e9b453c7','85586c4b-76c1-4829-aafe-182066911124');
insert into expenses (id, amount, note, merchant, paid_on, property_id, expense_type_id) values ('a0348fbb-4252-4732-977d-20d6d5a34cee', '24.32', '', 'ppl','2019-12-16','10a3fd1f-7a26-4ec5-9e13-5837eb74d9af','85586c4b-76c1-4829-aafe-182066911124');
insert into expenses (id, amount, note, merchant, paid_on, property_id, expense_type_id) values ('e0f741de-fc61-48b4-9165-d32a8f299dbe', '27.32', '', 'lowes','2019-11-17','10a3fd1f-7a26-4ec5-9e13-5837eb74d9af','f4ab7a02-36e0-4323-aad7-cf88bfc18d37');
insert into expenses (id, amount, note, merchant, paid_on, property_id, expense_type_id) values ('c15a5d9c-55de-4b8d-9b46-fb6fbb8c723d', '577.0', 'unblock sewer line', 'Carl Krasavage','2019-12-16','f6e2bc56-d5bf-43eb-baf4-1ce4e9b453c7','b89a33c6-ed73-48dd-9948-016a2cd8cee2');
insert into expenses (id, amount, note, merchant, paid_on, property_id, expense_type_id) values ('25988ec7-00d3-4582-b75c-1440b4540b96', '111.29', '', 'Harbor Freight','2019-12-15','10a3fd1f-7a26-4ec5-9e13-5837eb74d9af','f4ab7a02-36e0-4323-aad7-cf88bfc18d37');
insert into expenses (id, amount, note, merchant, paid_on, property_id, expense_type_id) values ('e1218849-3f61-4da1-9135-fd966f2ff590', '81.36', 'gifts', 'cvs','2019-12-25','f6e2bc56-d5bf-43eb-baf4-1ce4e9b453c7','62de32fd-6039-4c85-b76f-45545ff7b650');
insert into expenses (id, amount, note, merchant, paid_on, property_id, expense_type_id) values ('369c8740-f1df-4334-b990-a007050c943c', '46.83', '', 'Driscolls','2019-12-15','10a3fd1f-7a26-4ec5-9e13-5837eb74d9af','f4ab7a02-36e0-4323-aad7-cf88bfc18d37');
insert into expenses (id, amount, note, merchant, paid_on, property_id, expense_type_id) values ('6bcd639c-0808-4b50-b99b-0d6b94f7f921', '280.02', '', 'mortgage','2020-01-01','f6e2bc56-d5bf-43eb-baf4-1ce4e9b453c7','d8a0877d-a2f2-41fb-b683-b8b916f7d219');
insert into expenses (id, amount, note, merchant, paid_on, property_id, expense_type_id) values ('633bdd18-7658-4bbe-9eef-c5e287ae556f', '41.98', '', 'water','2019-12-30','10a3fd1f-7a26-4ec5-9e13-5837eb74d9af','85586c4b-76c1-4829-aafe-182066911124');
insert into expenses (id, amount, note, merchant, paid_on, property_id, expense_type_id) values ('39ddb4b9-b6a9-4862-a524-3c3da678cf3e', '105.05', '', 'water','2019-12-30','f6e2bc56-d5bf-43eb-baf4-1ce4e9b453c7','85586c4b-76c1-4829-aafe-182066911124');
insert into expenses (id, amount, note, merchant, paid_on, property_id, expense_type_id) values ('dc2d956c-6c3c-41cd-8b5e-b0180d57a6f6', '53.88', '', 'lowes','2019-12-29','10a3fd1f-7a26-4ec5-9e13-5837eb74d9af','f4ab7a02-36e0-4323-aad7-cf88bfc18d37');
insert into expenses (id, amount, note, merchant, paid_on, property_id, expense_type_id) values ('7144a556-f544-4e6d-bfc0-0e61e7ff4f91', '250.0', 'garbage stickers', 'Jenkins Township','2019-12-23','10a3fd1f-7a26-4ec5-9e13-5837eb74d9af','85586c4b-76c1-4829-aafe-182066911124');
insert into expenses (id, amount, note, merchant, paid_on, property_id, expense_type_id) values ('ed254c14-4621-4064-84dc-323137a2862d', '129.49', '', 'water','2020-01-30','f6e2bc56-d5bf-43eb-baf4-1ce4e9b453c7','85586c4b-76c1-4829-aafe-182066911124');
insert into expenses (id, amount, note, merchant, paid_on, property_id, expense_type_id) values ('716c9087-1543-471c-84c2-94a5d9971a94', '25.0', '50 union', 'sewer','2020-01-31','10a3fd1f-7a26-4ec5-9e13-5837eb74d9af','85586c4b-76c1-4829-aafe-182066911124');
insert into expenses (id, amount, note, merchant, paid_on, property_id, expense_type_id) values ('5eecebde-bb21-4e55-88a5-b5ca09e16e80', '0.0', '289.93', 'UGI','2020-01-21','f6e2bc56-d5bf-43eb-baf4-1ce4e9b453c7','85586c4b-76c1-4829-aafe-182066911124');
insert into expenses (id, amount, note, merchant, paid_on, property_id, expense_type_id) values ('9b2756b2-2f7e-4306-8abe-0c24d3ddbef1', '25.6', '', 'PPL','2020-01-16','10a3fd1f-7a26-4ec5-9e13-5837eb74d9af','85586c4b-76c1-4829-aafe-182066911124');
insert into expenses (id, amount, note, merchant, paid_on, property_id, expense_type_id) values ('80d3774a-5023-4e19-9e48-feb084255dc2', '15.91', '', 'water','2020-01-31','10a3fd1f-7a26-4ec5-9e13-5837eb74d9af','85586c4b-76c1-4829-aafe-182066911124');
insert into expenses (id, amount, note, merchant, paid_on, property_id, expense_type_id) values ('c9472c56-2bb5-4a6d-bdeb-3c606719b3b3', '145.74', '', 'wvsa','2020-01-31','f6e2bc56-d5bf-43eb-baf4-1ce4e9b453c7','85586c4b-76c1-4829-aafe-182066911124');
insert into expenses (id, amount, note, merchant, paid_on, property_id, expense_type_id) values ('757946e5-1b8a-49ef-937e-f13d5bc88318', '69.4', '48 union', 'WVSA','2020-01-31','10a3fd1f-7a26-4ec5-9e13-5837eb74d9af','85586c4b-76c1-4829-aafe-182066911124');
insert into expenses (id, amount, note, merchant, paid_on, property_id, expense_type_id) values ('9c8a1fdc-21d3-432a-bfed-3d561c80bfbb', '55.0', '50 union', 'wvsa','2020-01-31','10a3fd1f-7a26-4ec5-9e13-5837eb74d9af','85586c4b-76c1-4829-aafe-182066911124');
insert into expenses (id, amount, note, merchant, paid_on, property_id, expense_type_id) values ('8f923e8f-ae09-4ea3-8ed8-17f46bd89f51', '72.5', '', 'sewer maint','2020-01-31','f6e2bc56-d5bf-43eb-baf4-1ce4e9b453c7','85586c4b-76c1-4829-aafe-182066911124');
insert into expenses (id, amount, note, merchant, paid_on, property_id, expense_type_id) values ('77dc8d25-0a19-4c4b-8e39-78d54a9155eb', '25.0', '48 union', 'sewer','2020-01-31','10a3fd1f-7a26-4ec5-9e13-5837eb74d9af','85586c4b-76c1-4829-aafe-182066911124');
insert into expenses (id, amount, note, merchant, paid_on, property_id, expense_type_id) values ('838cf995-e0d7-422c-baa5-5b5c084757e1', '130.0', '48', 'boiler cleaning','2020-01-30','10a3fd1f-7a26-4ec5-9e13-5837eb74d9af','105c79dd-ff18-40b7-a92e-1705c833de63');
insert into expenses (id, amount, note, merchant, paid_on, property_id, expense_type_id) values ('50c567b1-61ca-47c8-a0ec-cdbe16979137', '280.02', '', 'mortgage','2020-02-01','f6e2bc56-d5bf-43eb-baf4-1ce4e9b453c7','d8a0877d-a2f2-41fb-b683-b8b916f7d219');
insert into expenses (id, amount, note, merchant, paid_on, property_id, expense_type_id) values ('cb41fa7d-1b33-474f-9705-ed0faa391409', '5922.5', '', 'Krasavage boiler repl','2019-01-08','10a3fd1f-7a26-4ec5-9e13-5837eb74d9af','c735181f-05a6-4c69-9988-4c9eeea6f4e9');
insert into expenses (id, amount, note, merchant, paid_on, property_id, expense_type_id) values ('413b272f-89b8-446b-8802-abc900f98016', '509.0', '', 'Foremost insurance','2019-11-09','10a3fd1f-7a26-4ec5-9e13-5837eb74d9af','8ec745fd-17a0-434b-aa33-4fdc0ebfe552');
insert into expenses (id, amount, note, merchant, paid_on, property_id, expense_type_id) values ('995fc6b2-cfea-4ead-8416-7539e82b018c', '482.0', '', 'Insurance','2017-01-07','10a3fd1f-7a26-4ec5-9e13-5837eb74d9af','8ec745fd-17a0-434b-aa33-4fdc0ebfe552');
insert into expenses (id, amount, note, merchant, paid_on, property_id, expense_type_id) values ('0b54c982-3cf5-4a64-953f-afc3fcaa50ed', '39.0', '', 'insurance','2019-07-20','f6e2bc56-d5bf-43eb-baf4-1ce4e9b453c7','8ec745fd-17a0-434b-aa33-4fdc0ebfe552');
insert into expenses (id, amount, note, merchant, paid_on, property_id, expense_type_id) values ('2f494eb2-a8c7-4287-b383-88439587fb59', '710.0', '', 'insurance','2019-05-15','f6e2bc56-d5bf-43eb-baf4-1ce4e9b453c7','8ec745fd-17a0-434b-aa33-4fdc0ebfe552');
insert into expenses (id, amount, note, merchant, paid_on, property_id, expense_type_id) values ('eeaaeed6-c153-4741-9abd-a6ca340e099a', '201.43', '', 'UGI','2020-02-19','f6e2bc56-d5bf-43eb-baf4-1ce4e9b453c7','85586c4b-76c1-4829-aafe-182066911124');
insert into expenses (id, amount, note, merchant, paid_on, property_id, expense_type_id) values ('2e84bbb9-6179-4d67-8a3e-d401b3030363', '441.0', 'cleaned carpets and investigated', 'Dan','2020-02-11','f6e2bc56-d5bf-43eb-baf4-1ce4e9b453c7','c735181f-05a6-4c69-9988-4c9eeea6f4e9');
insert into expenses (id, amount, note, merchant, paid_on, property_id, expense_type_id) values ('01cd5106-40de-4bae-9426-fd25c6c87231', '239.9', '', 'Lokutas','2020-02-13','10a3fd1f-7a26-4ec5-9e13-5837eb74d9af','85586c4b-76c1-4829-aafe-182066911124');
insert into expenses (id, amount, note, merchant, paid_on, property_id, expense_type_id) values ('1a9e8d42-7580-4e41-a20f-8172e27c8766', '478.16', '', 'municipal tax','2020-02-28','10a3fd1f-7a26-4ec5-9e13-5837eb74d9af','914fdfc1-c8c9-4289-af59-b3d66c4110d8');
insert into expenses (id, amount, note, merchant, paid_on, property_id, expense_type_id) values ('a430af7a-05da-4b64-8a3d-addcf56938a1', '443.06', '', 'city tax','2020-02-28','f6e2bc56-d5bf-43eb-baf4-1ce4e9b453c7','914fdfc1-c8c9-4289-af59-b3d66c4110d8');
insert into expenses (id, amount, note, merchant, paid_on, property_id, expense_type_id) values ('01cee8a8-b6df-4be8-9121-ef184d45f37f', '399.05', '', 'county tax','2020-02-28','f6e2bc56-d5bf-43eb-baf4-1ce4e9b453c7','914fdfc1-c8c9-4289-af59-b3d66c4110d8');
insert into expenses (id, amount, note, merchant, paid_on, property_id, expense_type_id) values ('c87e8fab-d372-4b97-995f-c7afcb8e1fde', '127.13', '', 'water','2020-02-28','f6e2bc56-d5bf-43eb-baf4-1ce4e9b453c7','85586c4b-76c1-4829-aafe-182066911124');
insert into expenses (id, amount, note, merchant, paid_on, property_id, expense_type_id) values ('220328ab-43a2-45c6-abcc-f5d20b56de5f', '280.02', '', 'mortgage','2020-03-01','f6e2bc56-d5bf-43eb-baf4-1ce4e9b453c7','d8a0877d-a2f2-41fb-b683-b8b916f7d219');
insert into expenses (id, amount, note, merchant, paid_on, property_id, expense_type_id) values ('cfd4c625-c3b1-4c2a-a0d5-356ddf489938', '116.53', '', 'water','2020-03-31','f6e2bc56-d5bf-43eb-baf4-1ce4e9b453c7','85586c4b-76c1-4829-aafe-182066911124');
insert into expenses (id, amount, note, merchant, paid_on, property_id, expense_type_id) values ('f5da60f9-4e8d-43c4-9671-478cd1f6f6ba', '257.68', '', 'UGI','2020-03-19','f6e2bc56-d5bf-43eb-baf4-1ce4e9b453c7','85586c4b-76c1-4829-aafe-182066911124');
insert into expenses (id, amount, note, merchant, paid_on, property_id, expense_type_id) values ('8ce4766c-2126-4b37-9c16-49a91a4b2dd7', '24.2', '', 'PPL','2020-03-17','10a3fd1f-7a26-4ec5-9e13-5837eb74d9af','85586c4b-76c1-4829-aafe-182066911124');
insert into expenses (id, amount, note, merchant, paid_on, property_id, expense_type_id) values ('60a2d96b-e8dc-40b7-be8a-47661945340a', '280.02', '', 'mortgage','2020-04-01','f6e2bc56-d5bf-43eb-baf4-1ce4e9b453c7','d8a0877d-a2f2-41fb-b683-b8b916f7d219');
insert into expenses (id, amount, note, merchant, paid_on, property_id, expense_type_id) values ('73136d8f-0926-44ab-9287-538fd94cd6c9', '209.11', '', 'Lowes','2020-04-04','10a3fd1f-7a26-4ec5-9e13-5837eb74d9af','c735181f-05a6-4c69-9988-4c9eeea6f4e9');
insert into expenses (id, amount, note, merchant, paid_on, property_id, expense_type_id) values ('8a316eb8-d1ef-461f-9017-99b101e05db7', '23.42', '', 'PPL','2020-04-15','10a3fd1f-7a26-4ec5-9e13-5837eb74d9af','85586c4b-76c1-4829-aafe-182066911124');
insert into expenses (id, amount, note, merchant, paid_on, property_id, expense_type_id) values ('9782dcde-2e67-438d-b642-16a65ab88b6d', '128.88', 'nail gun', 'Lowes','2020-04-18','10a3fd1f-7a26-4ec5-9e13-5837eb74d9af','c735181f-05a6-4c69-9988-4c9eeea6f4e9');
insert into expenses (id, amount, note, merchant, paid_on, property_id, expense_type_id) values ('5364935c-bf69-4cf3-9a41-f3814247a1b5', '163.83', '', 'UGI','2020-04-17','f6e2bc56-d5bf-43eb-baf4-1ce4e9b453c7','85586c4b-76c1-4829-aafe-182066911124');
insert into expenses (id, amount, note, merchant, paid_on, property_id, expense_type_id) values ('e069167a-bf47-4e11-afa9-4c96ae799d91', '101.46', '', 'Home Depot','2020-04-17','10a3fd1f-7a26-4ec5-9e13-5837eb74d9af','c735181f-05a6-4c69-9988-4c9eeea6f4e9');
insert into expenses (id, amount, note, merchant, paid_on, property_id, expense_type_id) values ('006b2018-23ff-4b96-9746-af14d2e8e087', '705.0', '', 'Foremost insurance','2020-06-22','f6e2bc56-d5bf-43eb-baf4-1ce4e9b453c7','8ec745fd-17a0-434b-aa33-4fdc0ebfe552');
insert into expenses (id, amount, note, merchant, paid_on, property_id, expense_type_id) values ('c0eaadcb-c8e4-4e26-82f6-3be08ae18f71', '16.01', '', 'water','2020-04-29','10a3fd1f-7a26-4ec5-9e13-5837eb74d9af','85586c4b-76c1-4829-aafe-182066911124');
insert into expenses (id, amount, note, merchant, paid_on, property_id, expense_type_id) values ('fefae07b-2311-4a32-8dd0-82ba4c804b35', '119.48', '', 'water','2020-04-29','f6e2bc56-d5bf-43eb-baf4-1ce4e9b453c7','85586c4b-76c1-4829-aafe-182066911124');
insert into expenses (id, amount, note, merchant, paid_on, property_id, expense_type_id) values ('64fc7186-df4b-4a79-abe8-2610af400234', '22.62', '', 'PPL','2020-05-18','10a3fd1f-7a26-4ec5-9e13-5837eb74d9af','85586c4b-76c1-4829-aafe-182066911124');
insert into expenses (id, amount, note, merchant, paid_on, property_id, expense_type_id) values ('dd1a1a00-8ec5-4d45-8864-4d10e29d4268', '121.69', '', 'UGI','2020-05-19','f6e2bc56-d5bf-43eb-baf4-1ce4e9b453c7','85586c4b-76c1-4829-aafe-182066911124');
insert into expenses (id, amount, note, merchant, paid_on, property_id, expense_type_id) values ('f011186d-1f47-4896-a7ec-b87c688f0386', '16.01', '', 'PPL','2020-05-29','10a3fd1f-7a26-4ec5-9e13-5837eb74d9af','85586c4b-76c1-4829-aafe-182066911124');
insert into expenses (id, amount, note, merchant, paid_on, property_id, expense_type_id) values ('0f28d8ef-55d9-4ca6-851a-cb0ff5b4494b', '200.0', 'new outlet and spigot', 'Danielson','2020-05-25','10a3fd1f-7a26-4ec5-9e13-5837eb74d9af','a801d25b-7f31-4782-b9a2-84cd78bdde71');
insert into expenses (id, amount, note, merchant, paid_on, property_id, expense_type_id) values ('05400f58-767c-44eb-94e7-4fc158e0bb02', '134.89', '', 'water','2020-05-29','f6e2bc56-d5bf-43eb-baf4-1ce4e9b453c7','85586c4b-76c1-4829-aafe-182066911124');
insert into expenses (id, amount, note, merchant, paid_on, property_id, expense_type_id) values ('8b95480d-ea9e-4f5b-9704-89a501d01003', '280.02', '', 'mortgage','2020-06-01','f6e2bc56-d5bf-43eb-baf4-1ce4e9b453c7','d8a0877d-a2f2-41fb-b683-b8b916f7d219');
insert into expenses (id, amount, note, merchant, paid_on, property_id, expense_type_id) values ('01b81e10-4d18-48a6-8386-0198f98c6cf9', '280.02', '', 'mortgage','2020-05-01','f6e2bc56-d5bf-43eb-baf4-1ce4e9b453c7','d8a0877d-a2f2-41fb-b683-b8b916f7d219');
insert into expenses (id, amount, note, merchant, paid_on, property_id, expense_type_id) values ('c909e932-a06b-4256-8e96-fa3818c2c319', '158.86', 'rear', 'Pittston City Garbage','2020-06-15','f6e2bc56-d5bf-43eb-baf4-1ce4e9b453c7','85586c4b-76c1-4829-aafe-182066911124');
insert into expenses (id, amount, note, merchant, paid_on, property_id, expense_type_id) values ('8a57b8a7-de47-4352-8c6e-8a056600becb', '158.87', 'main', 'Pittston City Garbage','2020-06-15','f6e2bc56-d5bf-43eb-baf4-1ce4e9b453c7','85586c4b-76c1-4829-aafe-182066911124');
insert into expenses (id, amount, note, merchant, paid_on, property_id, expense_type_id) values ('b8e07ee3-91c5-403e-b841-f7301a04962a', '22.7', '', 'PPL','2020-06-16','10a3fd1f-7a26-4ec5-9e13-5837eb74d9af','85586c4b-76c1-4829-aafe-182066911124');
insert into expenses (id, amount, note, merchant, paid_on, property_id, expense_type_id) values ('426ea22f-aa4a-4170-949b-ef2363020f00', '69.11', '', 'UGI','2020-06-18','f6e2bc56-d5bf-43eb-baf4-1ce4e9b453c7','85586c4b-76c1-4829-aafe-182066911124');
insert into expenses (id, amount, note, merchant, paid_on, property_id, expense_type_id) values ('68eb22dd-228d-4d57-a856-1fab942e4f07', '346.0', 'weed whackers', 'Home Depot','2020-06-27','10a3fd1f-7a26-4ec5-9e13-5837eb74d9af','c735181f-05a6-4c69-9988-4c9eeea6f4e9');
insert into expenses (id, amount, note, merchant, paid_on, property_id, expense_type_id) values ('f5807a21-fe5a-4fe4-b04c-686aacc04051', '40.18', '', 'Home Depot','2020-06-28','10a3fd1f-7a26-4ec5-9e13-5837eb74d9af','c735181f-05a6-4c69-9988-4c9eeea6f4e9');
insert into expenses (id, amount, note, merchant, paid_on, property_id, expense_type_id) values ('0f55a491-069f-4b3f-bede-8e8c46e5404c', '90.74', '', 'Lowes','2020-06-16','10a3fd1f-7a26-4ec5-9e13-5837eb74d9af','c735181f-05a6-4c69-9988-4c9eeea6f4e9');
insert into expenses (id, amount, note, merchant, paid_on, property_id, expense_type_id) values ('dcbfbcc9-88f9-46c2-b04b-1f398fbe9cfa', '68.6', '', 'Lowes','2020-06-03','10a3fd1f-7a26-4ec5-9e13-5837eb74d9af','c735181f-05a6-4c69-9988-4c9eeea6f4e9');
insert into expenses (id, amount, note, merchant, paid_on, property_id, expense_type_id) values ('ad423f89-b427-45bd-ba87-a5f755d49153', '118.3', '', 'water','2020-06-29','f6e2bc56-d5bf-43eb-baf4-1ce4e9b453c7','85586c4b-76c1-4829-aafe-182066911124');
insert into expenses (id, amount, note, merchant, paid_on, property_id, expense_type_id) values ('9438e7e9-c576-4874-af9a-fd995cb68a31', '16.01', '', 'water','2020-06-29','10a3fd1f-7a26-4ec5-9e13-5837eb74d9af','85586c4b-76c1-4829-aafe-182066911124');
insert into expenses (id, amount, note, merchant, paid_on, property_id, expense_type_id) values ('73d20707-a0db-49fd-afeb-b52525cba46f', '72.5', '', 'sewer','2020-07-20','f6e2bc56-d5bf-43eb-baf4-1ce4e9b453c7','85586c4b-76c1-4829-aafe-182066911124');
insert into expenses (id, amount, note, merchant, paid_on, property_id, expense_type_id) values ('5be27df2-3eb8-4005-a2a3-1ebf8b5c2137', '69.4', '', 'sewer','2020-07-20','f6e2bc56-d5bf-43eb-baf4-1ce4e9b453c7','85586c4b-76c1-4829-aafe-182066911124');
insert into expenses (id, amount, note, merchant, paid_on, property_id, expense_type_id) values ('3f2b72b1-062c-47d7-8c70-8c7693a98e21', '25.0', '', 'sewer 50','2020-07-20','10a3fd1f-7a26-4ec5-9e13-5837eb74d9af','85586c4b-76c1-4829-aafe-182066911124');
insert into expenses (id, amount, note, merchant, paid_on, property_id, expense_type_id) values ('43473938-890f-4147-a049-c84e0e79760e', '69.4', '', 'sewer','2020-07-20','10a3fd1f-7a26-4ec5-9e13-5837eb74d9af','85586c4b-76c1-4829-aafe-182066911124');
insert into expenses (id, amount, note, merchant, paid_on, property_id, expense_type_id) values ('994d92e1-dfab-4301-af99-d49169456d9c', '25.0', '', 'sewer','2020-07-20','10a3fd1f-7a26-4ec5-9e13-5837eb74d9af','85586c4b-76c1-4829-aafe-182066911124');
insert into expenses (id, amount, note, merchant, paid_on, property_id, expense_type_id) values ('8bf956f4-93bf-433f-b534-4b28ef7403a4', '3500.0', 'first half to finish work', 'Rebecca Dailey','2020-07-30','10a3fd1f-7a26-4ec5-9e13-5837eb74d9af','c735181f-05a6-4c69-9988-4c9eeea6f4e9');
insert into expenses (id, amount, note, merchant, paid_on, property_id, expense_type_id) values ('cbe6b246-21dd-49f7-ba7e-b16ad574899f', '16.04', '', 'PPL','2020-08-04','10a3fd1f-7a26-4ec5-9e13-5837eb74d9af','85586c4b-76c1-4829-aafe-182066911124');
insert into expenses (id, amount, note, merchant, paid_on, property_id, expense_type_id) values ('e74785db-fdb2-4f52-8092-51dd0f24d297', '123.42', '', 'water','2020-08-04','f6e2bc56-d5bf-43eb-baf4-1ce4e9b453c7','85586c4b-76c1-4829-aafe-182066911124');
insert into expenses (id, amount, note, merchant, paid_on, property_id, expense_type_id) values ('85d517a6-085c-4ebe-b989-57a9f7130ac6', '280.02', '', 'mortgage','2020-08-01','f6e2bc56-d5bf-43eb-baf4-1ce4e9b453c7','d8a0877d-a2f2-41fb-b683-b8b916f7d219');
insert into expenses (id, amount, note, merchant, paid_on, property_id, expense_type_id) values ('907af759-4cfd-44d3-ab88-9fc0485dd040', '280.02', '', 'mortgage','2020-07-01','f6e2bc56-d5bf-43eb-baf4-1ce4e9b453c7','d8a0877d-a2f2-41fb-b683-b8b916f7d219');
insert into expenses (id, amount, note, merchant, paid_on, property_id, expense_type_id) values ('9034eea0-aa10-4792-b252-88f73a139835', '280.02', '', 'mortgage','2020-09-01','f6e2bc56-d5bf-43eb-baf4-1ce4e9b453c7','d8a0877d-a2f2-41fb-b683-b8b916f7d219');
insert into expenses (id, amount, note, merchant, paid_on, property_id, expense_type_id) values ('be880779-8ad2-4fc3-91a2-e5c9e6e06930', '1069.9', '', 'pittston taxes','2020-09-04','f6e2bc56-d5bf-43eb-baf4-1ce4e9b453c7','914fdfc1-c8c9-4289-af59-b3d66c4110d8');
insert into expenses (id, amount, note, merchant, paid_on, property_id, expense_type_id) values ('147c66d0-3bdb-430a-ae4d-7711c078ce18', '1021.26', '', 'Jenkins Township Taxes','2020-09-09','10a3fd1f-7a26-4ec5-9e13-5837eb74d9af','914fdfc1-c8c9-4289-af59-b3d66c4110d8');
insert into expenses (id, amount, note, merchant, paid_on, property_id, expense_type_id) values ('36560aeb-7469-4e41-902f-f42bb9eb57a3', '16.07', '', 'water','2020-08-31','10a3fd1f-7a26-4ec5-9e13-5837eb74d9af','85586c4b-76c1-4829-aafe-182066911124');
insert into expenses (id, amount, note, merchant, paid_on, property_id, expense_type_id) values ('f1288c6f-359e-44a0-a49c-8a8b3cb8a215', '21.68', '', 'PPL','2020-09-15','10a3fd1f-7a26-4ec5-9e13-5837eb74d9af','85586c4b-76c1-4829-aafe-182066911124');
insert into expenses (id, amount, note, merchant, paid_on, property_id, expense_type_id) values ('e874edc0-db93-40aa-a8f8-40e5b825c147', '25.0', '', 'sewer 50','2020-10-09','10a3fd1f-7a26-4ec5-9e13-5837eb74d9af','85586c4b-76c1-4829-aafe-182066911124');
insert into expenses (id, amount, note, merchant, paid_on, property_id, expense_type_id) values ('8664b50e-7ecf-474a-9e5f-3e79e068b172', '25.0', '', 'sewer 48','2020-10-09','10a3fd1f-7a26-4ec5-9e13-5837eb74d9af','85586c4b-76c1-4829-aafe-182066911124');
insert into expenses (id, amount, note, merchant, paid_on, property_id, expense_type_id) values ('30aa3d51-d4d4-46a0-965f-4befe1610c09', '72.5', '', 'sewer','2020-10-09','f6e2bc56-d5bf-43eb-baf4-1ce4e9b453c7','85586c4b-76c1-4829-aafe-182066911124');
insert into expenses (id, amount, note, merchant, paid_on, property_id, expense_type_id) values ('bb987803-592e-47a9-8605-589f031f0244', '55.0', '', 'wvsa 50','2020-10-09','10a3fd1f-7a26-4ec5-9e13-5837eb74d9af','85586c4b-76c1-4829-aafe-182066911124');
insert into expenses (id, amount, note, merchant, paid_on, property_id, expense_type_id) values ('fff019a9-4078-4533-8228-de533783fbc7', '69.4', '', 'wvsa 48','2020-10-09','10a3fd1f-7a26-4ec5-9e13-5837eb74d9af','85586c4b-76c1-4829-aafe-182066911124');
insert into expenses (id, amount, note, merchant, paid_on, property_id, expense_type_id) values ('ea204ebd-f231-40f8-afe5-2cc3874512f4', '69.4', '', 'wvsa','2020-10-09','f6e2bc56-d5bf-43eb-baf4-1ce4e9b453c7','85586c4b-76c1-4829-aafe-182066911124');
insert into expenses (id, amount, note, merchant, paid_on, property_id, expense_type_id) values ('c3e6ba81-aebd-4133-bb13-8bdcdf82ae54', '34.56', 'smoke alarms', 'walmart','2020-10-07','10a3fd1f-7a26-4ec5-9e13-5837eb74d9af','c735181f-05a6-4c69-9988-4c9eeea6f4e9');
insert into expenses (id, amount, note, merchant, paid_on, property_id, expense_type_id) values ('f4607a1b-9358-4f0b-8ab8-00e0e4aa3edc', '3500.0', 'finishing jenkins', 'Rebecca Dailey','2020-10-17','10a3fd1f-7a26-4ec5-9e13-5837eb74d9af','c735181f-05a6-4c69-9988-4c9eeea6f4e9');
insert into expenses (id, amount, note, merchant, paid_on, property_id, expense_type_id) values ('c3f9f551-6e38-4921-9791-9046a1b3343e', '253.9', 'shower faucet', 'Danielson','2020-10-12','f6e2bc56-d5bf-43eb-baf4-1ce4e9b453c7','c735181f-05a6-4c69-9988-4c9eeea6f4e9');
insert into expenses (id, amount, note, merchant, paid_on, property_id, expense_type_id) values ('3e5d50b1-9d95-48e4-96fa-8041bac6f544', '465.0', 'concrete sidewalk', 'Danielson','2020-10-27','f6e2bc56-d5bf-43eb-baf4-1ce4e9b453c7','c735181f-05a6-4c69-9988-4c9eeea6f4e9');
insert into expenses (id, amount, note, merchant, paid_on, property_id, expense_type_id) values ('e0588f0d-6ef5-4841-99ff-6f2218b5a75c', '63.74', '', 'water','2020-10-29','f6e2bc56-d5bf-43eb-baf4-1ce4e9b453c7','85586c4b-76c1-4829-aafe-182066911124');
insert into expenses (id, amount, note, merchant, paid_on, property_id, expense_type_id) values ('fb12d6b9-8731-4fcd-aa66-0cbc6d3b606d', '280.02', '', 'mortgage','2020-11-01','f6e2bc56-d5bf-43eb-baf4-1ce4e9b453c7','d8a0877d-a2f2-41fb-b683-b8b916f7d219');
insert into expenses (id, amount, note, merchant, paid_on, property_id, expense_type_id) values ('dafcef34-b7d4-4e21-8869-3f6893225f15', '12.5', '', 'water','2020-11-09','10a3fd1f-7a26-4ec5-9e13-5837eb74d9af','85586c4b-76c1-4829-aafe-182066911124');
insert into expenses (id, amount, note, merchant, paid_on, property_id, expense_type_id) values ('4c9128b0-db65-44ee-ab5e-01cd93043889', '31.43', '', 'PPL','2020-11-09','10a3fd1f-7a26-4ec5-9e13-5837eb74d9af','85586c4b-76c1-4829-aafe-182066911124');
insert into expenses (id, amount, note, merchant, paid_on, property_id, expense_type_id) values ('00817a45-ea29-4afd-949f-6471ddb0fd8d', '65.0', 'fixed water leak', 'Dailey','2020-11-01','10a3fd1f-7a26-4ec5-9e13-5837eb74d9af','c735181f-05a6-4c69-9988-4c9eeea6f4e9');
insert into expenses (id, amount, note, merchant, paid_on, property_id, expense_type_id) values ('1ecd2def-d7b1-471a-9df2-04f0d6436285', '512.0', '', 'Foremost insurance','2020-11-25','10a3fd1f-7a26-4ec5-9e13-5837eb74d9af','8ec745fd-17a0-434b-aa33-4fdc0ebfe552');
insert into expenses (id, amount, note, merchant, paid_on, property_id, expense_type_id) values ('ac1f5353-dca8-4bfb-a404-6e7f941e4efc', '121.53', '', 'water','2020-11-30','f6e2bc56-d5bf-43eb-baf4-1ce4e9b453c7','85586c4b-76c1-4829-aafe-182066911124');
insert into expenses (id, amount, note, merchant, paid_on, property_id, expense_type_id) values ('6803d49c-532d-4435-9ff0-19f9ff48f5ae', '280.02', '', 'mortgage','2020-12-01','f6e2bc56-d5bf-43eb-baf4-1ce4e9b453c7','d8a0877d-a2f2-41fb-b683-b8b916f7d219');
insert into expenses (id, amount, note, merchant, paid_on, property_id, expense_type_id) values ('816b35ab-ebf8-4a5c-a4c9-3fe3f056c30f', '98.32', '', 'UGI','2020-12-15','f6e2bc56-d5bf-43eb-baf4-1ce4e9b453c7','85586c4b-76c1-4829-aafe-182066911124');
insert into expenses (id, amount, note, merchant, paid_on, property_id, expense_type_id) values ('51513fda-6465-406a-aeff-5e04de0028fb', '68.82', '', 'UGI','2021-05-19','f6e2bc56-d5bf-43eb-baf4-1ce4e9b453c7','85586c4b-76c1-4829-aafe-182066911124');
insert into expenses (id, amount, note, merchant, paid_on, property_id, expense_type_id) values ('6e6f9f09-6f13-415d-a3fa-06827c56c0ef', '47.43', '', 'water','2021-06-01','f6e2bc56-d5bf-43eb-baf4-1ce4e9b453c7','85586c4b-76c1-4829-aafe-182066911124');
insert into expenses (id, amount, note, merchant, paid_on, property_id, expense_type_id) values ('ab3227fd-f189-484f-8488-bd91c3a879b2', '31.93', '', 'water','2021-04-29','f6e2bc56-d5bf-43eb-baf4-1ce4e9b453c7','85586c4b-76c1-4829-aafe-182066911124');
insert into expenses (id, amount, note, merchant, paid_on, property_id, expense_type_id) values ('3874cbcf-e04f-4612-9ea7-1e4f6d874f1f', '240.0', '', 'Rebecca Dailey','2021-05-21','10a3fd1f-7a26-4ec5-9e13-5837eb74d9af','fc296ab9-a626-46e6-9d17-8e842bbe70ae');
insert into expenses (id, amount, note, merchant, paid_on, property_id, expense_type_id) values ('70cdfb53-4411-4c59-b1fc-9c68b9771c0a', '155.0', '', 'Pittston City Garbage','2021-05-06','f6e2bc56-d5bf-43eb-baf4-1ce4e9b453c7','85586c4b-76c1-4829-aafe-182066911124');
insert into expenses (id, amount, note, merchant, paid_on, property_id, expense_type_id) values ('d9cef7a1-914f-468d-b8ac-89a23df499ba', '155.0', 'unit 2', 'Pittston City Garbage ','2021-05-06','f6e2bc56-d5bf-43eb-baf4-1ce4e9b453c7','85586c4b-76c1-4829-aafe-182066911124');
insert into expenses (id, amount, note, merchant, paid_on, property_id, expense_type_id) values ('79c4068e-af37-41a5-bb99-afb1251bbab8', '280.02', '', 'mortgage','2021-06-01','f6e2bc56-d5bf-43eb-baf4-1ce4e9b453c7','d8a0877d-a2f2-41fb-b683-b8b916f7d219');
insert into expenses (id, amount, note, merchant, paid_on, property_id, expense_type_id) values ('989d3f0d-c8cb-4bb9-8c21-fea4b725bfb8', '280.02', '', 'mortgage','2021-05-01','f6e2bc56-d5bf-43eb-baf4-1ce4e9b453c7','d8a0877d-a2f2-41fb-b683-b8b916f7d219');
insert into expenses (id, amount, note, merchant, paid_on, property_id, expense_type_id) values ('02023c17-d8a9-4447-acef-d1d147f9a4ef', '280.02', '', 'mortgage','2021-04-01','f6e2bc56-d5bf-43eb-baf4-1ce4e9b453c7','d8a0877d-a2f2-41fb-b683-b8b916f7d219');
insert into expenses (id, amount, note, merchant, paid_on, property_id, expense_type_id) values ('43720715-734f-4758-b4b6-01123d98458e', '77.19', '', 'water','2021-06-25','f6e2bc56-d5bf-43eb-baf4-1ce4e9b453c7','85586c4b-76c1-4829-aafe-182066911124');
insert into expenses (id, amount, note, merchant, paid_on, property_id, expense_type_id) values ('608d9e5a-fa4d-45b6-ad15-33508e0f7f6e', '99.2', 'Rented truck for dump', 'U-Haul','2021-08-07','10a3fd1f-7a26-4ec5-9e13-5837eb74d9af','c735181f-05a6-4c69-9988-4c9eeea6f4e9');
insert into expenses (id, amount, note, merchant, paid_on, property_id, expense_type_id) values ('57773a48-9c1b-48ee-8caa-1381324051e1', '22.0', 'gas for uhaul', 'Turkey hill','2021-08-07','10a3fd1f-7a26-4ec5-9e13-5837eb74d9af','c735181f-05a6-4c69-9988-4c9eeea6f4e9');
insert into expenses (id, amount, note, merchant, paid_on, property_id, expense_type_id) values ('b4c9ce2d-5db4-45db-96bc-e290671d7521', '78.78', 'garbage removal 1', 'Alliance Landfill','2021-08-07','10a3fd1f-7a26-4ec5-9e13-5837eb74d9af','c735181f-05a6-4c69-9988-4c9eeea6f4e9');
insert into expenses (id, amount, note, merchant, paid_on, property_id, expense_type_id) values ('4d2d358d-0117-4a4d-8290-c8d25c2c3a69', '78.78', 'garbage removal 2', 'Alliance Landfill','2021-08-07','10a3fd1f-7a26-4ec5-9e13-5837eb74d9af','c735181f-05a6-4c69-9988-4c9eeea6f4e9');
insert into expenses (id, amount, note, merchant, paid_on, property_id, expense_type_id) values ('7ac3d1ae-6c4f-4918-be45-55af9a206b12', '9.04', '', 'Lowes','2021-08-08','10a3fd1f-7a26-4ec5-9e13-5837eb74d9af','c735181f-05a6-4c69-9988-4c9eeea6f4e9');
insert into expenses (id, amount, note, merchant, paid_on, property_id, expense_type_id) values ('ff886fe2-1bf4-4544-8c7b-9cb2c27d76ec', '250.47', '', 'Lowes','2021-08-07','10a3fd1f-7a26-4ec5-9e13-5837eb74d9af','c735181f-05a6-4c69-9988-4c9eeea6f4e9');
insert into expenses (id, amount, note, merchant, paid_on, property_id, expense_type_id) values ('05e3bd23-ce70-4486-9c14-8369c0bcb991', '1021.26', '', 'school tax','2021-08-08','10a3fd1f-7a26-4ec5-9e13-5837eb74d9af','914fdfc1-c8c9-4289-af59-b3d66c4110d8');
insert into expenses (id, amount, note, merchant, paid_on, property_id, expense_type_id) values ('7df9e6db-644f-4b14-a73c-1b66720ba52c', '19.87', '', 'UGI','2021-07-19','f6e2bc56-d5bf-43eb-baf4-1ce4e9b453c7','85586c4b-76c1-4829-aafe-182066911124');
insert into expenses (id, amount, note, merchant, paid_on, property_id, expense_type_id) values ('db8f0b83-ed12-4cde-8157-ba44ebfaf17e', '26.75', '', 'UGI','2021-06-17','f6e2bc56-d5bf-43eb-baf4-1ce4e9b453c7','85586c4b-76c1-4829-aafe-182066911124');
insert into expenses (id, amount, note, merchant, paid_on, property_id, expense_type_id) values ('3c450158-a421-424d-9e10-e87e2cdff1ca', '46.42', '', 'water','2021-07-29','10a3fd1f-7a26-4ec5-9e13-5837eb74d9af','85586c4b-76c1-4829-aafe-182066911124');
insert into expenses (id, amount, note, merchant, paid_on, property_id, expense_type_id) values ('f6aa5434-43c9-4b04-b241-fd51bdf24d52', '149.95', '', 'Home Depot','2021-08-26','10a3fd1f-7a26-4ec5-9e13-5837eb74d9af','c735181f-05a6-4c69-9988-4c9eeea6f4e9');
insert into expenses (id, amount, note, merchant, paid_on, property_id, expense_type_id) values ('992e7e95-a8c6-4f05-8bdf-8b36d5d9a6d2', '102.22', '', 'UGI','2022-11-16','f6e2bc56-d5bf-43eb-baf4-1ce4e9b453c7','85586c4b-76c1-4829-aafe-182066911124');
insert into expenses (id, amount, note, merchant, paid_on, property_id, expense_type_id) values ('f98f50f4-1b4d-433a-a842-94f2c6e7fb10', '76.46', 'miniblinds', 'Walmart','2021-08-28','10a3fd1f-7a26-4ec5-9e13-5837eb74d9af','c735181f-05a6-4c69-9988-4c9eeea6f4e9');
insert into expenses (id, amount, note, merchant, paid_on, property_id, expense_type_id) values ('779dd0bd-8869-45ae-8736-43245bf0af08', '153.27', '', 'Home Depot','2021-08-26','10a3fd1f-7a26-4ec5-9e13-5837eb74d9af','c735181f-05a6-4c69-9988-4c9eeea6f4e9');
insert into expenses (id, amount, note, merchant, paid_on, property_id, expense_type_id) values ('0b5ec7e4-6478-49e2-ad4e-cd6acb1d1368', '248.4', '', 'Home Depot','2021-08-28','10a3fd1f-7a26-4ec5-9e13-5837eb74d9af','c735181f-05a6-4c69-9988-4c9eeea6f4e9');
insert into expenses (id, amount, note, merchant, paid_on, property_id, expense_type_id) values ('6f11bff0-066e-45bf-91db-b249e7842f45', '19.13', '', 'Driscolls','2021-08-27','10a3fd1f-7a26-4ec5-9e13-5837eb74d9af','c735181f-05a6-4c69-9988-4c9eeea6f4e9');
insert into expenses (id, amount, note, merchant, paid_on, property_id, expense_type_id) values ('04c2c25c-b8b3-434d-80ed-4365b61bb660', '185.0', '', 'Lowes','2021-08-21','10a3fd1f-7a26-4ec5-9e13-5837eb74d9af','c735181f-05a6-4c69-9988-4c9eeea6f4e9');
insert into expenses (id, amount, note, merchant, paid_on, property_id, expense_type_id) values ('cbfc0313-0cfa-4059-8a7d-bdd8e38e2a21', '162.04', '', 'Lowes','2021-08-29','10a3fd1f-7a26-4ec5-9e13-5837eb74d9af','c735181f-05a6-4c69-9988-4c9eeea6f4e9');
insert into expenses (id, amount, note, merchant, paid_on, property_id, expense_type_id) values ('2f532190-df9f-46da-922c-2e3ca6ee81fb', '9.22', '', 'Lowes','2021-09-04','10a3fd1f-7a26-4ec5-9e13-5837eb74d9af','c735181f-05a6-4c69-9988-4c9eeea6f4e9');
insert into expenses (id, amount, note, merchant, paid_on, property_id, expense_type_id) values ('f64ec0e3-51d3-4375-a7a8-7a1319466a23', '107.66', '', 'Home Depot','2021-09-11','10a3fd1f-7a26-4ec5-9e13-5837eb74d9af','c735181f-05a6-4c69-9988-4c9eeea6f4e9');
insert into expenses (id, amount, note, merchant, paid_on, property_id, expense_type_id) values ('1740ebe2-2853-4f30-a209-a7843863a205', '108.29', '', 'Home Depot','2021-10-17','10a3fd1f-7a26-4ec5-9e13-5837eb74d9af','c735181f-05a6-4c69-9988-4c9eeea6f4e9');
insert into expenses (id, amount, note, merchant, paid_on, property_id, expense_type_id) values ('06b64332-96a3-4629-918a-38cafaebc5be', '38.1', '', 'Home Depot','2021-10-03','10a3fd1f-7a26-4ec5-9e13-5837eb74d9af','c735181f-05a6-4c69-9988-4c9eeea6f4e9');
insert into expenses (id, amount, note, merchant, paid_on, property_id, expense_type_id) values ('64e0d78f-14c4-45db-a4c9-0d81aaf7b0e0', '15.63', '', 'Lowes','2021-10-03','10a3fd1f-7a26-4ec5-9e13-5837eb74d9af','c735181f-05a6-4c69-9988-4c9eeea6f4e9');
insert into expenses (id, amount, note, merchant, paid_on, property_id, expense_type_id) values ('4a9b17d9-451d-4df6-942a-8c45b0af9cc3', '41.94', '', 'Harbor Freight','2021-09-05','10a3fd1f-7a26-4ec5-9e13-5837eb74d9af','c735181f-05a6-4c69-9988-4c9eeea6f4e9');
insert into expenses (id, amount, note, merchant, paid_on, property_id, expense_type_id) values ('773f65ef-ca02-4368-9a1e-37da2826e68a', '83.45', '', 'Lowes','2021-10-01','10a3fd1f-7a26-4ec5-9e13-5837eb74d9af','c735181f-05a6-4c69-9988-4c9eeea6f4e9');
insert into expenses (id, amount, note, merchant, paid_on, property_id, expense_type_id) values ('af9a28f1-e265-4f1b-9f34-77dbfb246512', '7.98', '', 'Sewer maintenance','2021-11-01','f6e2bc56-d5bf-43eb-baf4-1ce4e9b453c7','c735181f-05a6-4c69-9988-4c9eeea6f4e9');
insert into expenses (id, amount, note, merchant, paid_on, property_id, expense_type_id) values ('9ba1ad9e-1a76-474d-b115-14f91178ebdd', '1.48', '', 'Home Depot','2021-10-15','10a3fd1f-7a26-4ec5-9e13-5837eb74d9af','c735181f-05a6-4c69-9988-4c9eeea6f4e9');
insert into expenses (id, amount, note, merchant, paid_on, property_id, expense_type_id) values ('5c86c047-5692-470e-b2cf-23d882b9c6c2', '97.69', '', 'Home Depot','2021-10-10','10a3fd1f-7a26-4ec5-9e13-5837eb74d9af','c735181f-05a6-4c69-9988-4c9eeea6f4e9');
insert into expenses (id, amount, note, merchant, paid_on, property_id, expense_type_id) values ('1f377ae6-ec8f-4571-a563-f8aa2dd0d9c1', '5.28', '', 'Driscolls','2021-09-12','10a3fd1f-7a26-4ec5-9e13-5837eb74d9af','c735181f-05a6-4c69-9988-4c9eeea6f4e9');
insert into expenses (id, amount, note, merchant, paid_on, property_id, expense_type_id) values ('49208c15-bb74-4fa0-991b-38cff7c3d4af', '18.11', '', 'water','2021-10-29','10a3fd1f-7a26-4ec5-9e13-5837eb74d9af','85586c4b-76c1-4829-aafe-182066911124');
insert into expenses (id, amount, note, merchant, paid_on, property_id, expense_type_id) values ('9b396179-0995-47a2-9013-3b7b9159e976', '46.83', '', 'water','2021-10-29','10a3fd1f-7a26-4ec5-9e13-5837eb74d9af','85586c4b-76c1-4829-aafe-182066911124');
insert into expenses (id, amount, note, merchant, paid_on, property_id, expense_type_id) values ('b021df6f-c399-4f11-b117-b0209cd042dd', '48.99', '', 'water','2021-10-29','f6e2bc56-d5bf-43eb-baf4-1ce4e9b453c7','85586c4b-76c1-4829-aafe-182066911124');
insert into expenses (id, amount, note, merchant, paid_on, property_id, expense_type_id) values ('c93bd67a-7e7c-4127-99ef-630e9e153d50', '163.88', '', 'water','2021-10-04','f6e2bc56-d5bf-43eb-baf4-1ce4e9b453c7','85586c4b-76c1-4829-aafe-182066911124');
insert into expenses (id, amount, note, merchant, paid_on, property_id, expense_type_id) values ('c1562023-5639-436e-9325-57c2bf5e6945', '21.98', '', 'water','2021-10-04','10a3fd1f-7a26-4ec5-9e13-5837eb74d9af','85586c4b-76c1-4829-aafe-182066911124');
insert into expenses (id, amount, note, merchant, paid_on, property_id, expense_type_id) values ('1fc19eb6-1234-4218-a2d9-4bcf13980025', '37.78', '', 'PPL','2021-10-18','10a3fd1f-7a26-4ec5-9e13-5837eb74d9af','85586c4b-76c1-4829-aafe-182066911124');
insert into expenses (id, amount, note, merchant, paid_on, property_id, expense_type_id) values ('7f0d7096-128d-4406-a72c-db3f1777bfa5', '18.71', '', 'PPL','2021-10-18','10a3fd1f-7a26-4ec5-9e13-5837eb74d9af','85586c4b-76c1-4829-aafe-182066911124');
insert into expenses (id, amount, note, merchant, paid_on, property_id, expense_type_id) values ('d0c48ddc-effa-4675-b9e3-94a7b1694827', '19.73', '', 'UGI','2021-10-18','f6e2bc56-d5bf-43eb-baf4-1ce4e9b453c7','85586c4b-76c1-4829-aafe-182066911124');
insert into expenses (id, amount, note, merchant, paid_on, property_id, expense_type_id) values ('85a427bc-3fbb-47d2-a114-e50a9845c444', '18.32', '', 'UGI','2021-09-16','f6e2bc56-d5bf-43eb-baf4-1ce4e9b453c7','85586c4b-76c1-4829-aafe-182066911124');
insert into expenses (id, amount, note, merchant, paid_on, property_id, expense_type_id) values ('8196d19e-1c68-47f7-bab5-b4a0f5678770', '19.21', '', 'UGI','2021-08-18','f6e2bc56-d5bf-43eb-baf4-1ce4e9b453c7','85586c4b-76c1-4829-aafe-182066911124');
insert into expenses (id, amount, note, merchant, paid_on, property_id, expense_type_id) values ('5b8fc06a-2201-47b7-a160-2cd7538775db', '51.31', '', 'Lowes','2021-10-21','10a3fd1f-7a26-4ec5-9e13-5837eb74d9af','c735181f-05a6-4c69-9988-4c9eeea6f4e9');
insert into expenses (id, amount, note, merchant, paid_on, property_id, expense_type_id) values ('c221275e-4d72-470c-bdb7-645badd46c3b', '2771.0', '', 'Danielson','2021-10-26','10a3fd1f-7a26-4ec5-9e13-5837eb74d9af','c735181f-05a6-4c69-9988-4c9eeea6f4e9');
insert into expenses (id, amount, note, merchant, paid_on, property_id, expense_type_id) values ('f8c53ac0-8d9e-4f24-89d0-3b4638b2c5c3', '280.02', '', 'mortgage','2021-08-01','f6e2bc56-d5bf-43eb-baf4-1ce4e9b453c7','d8a0877d-a2f2-41fb-b683-b8b916f7d219');
insert into expenses (id, amount, note, merchant, paid_on, property_id, expense_type_id) values ('8e1a481b-d75f-4ef1-b2f4-f09582b84e64', '280.02', '', 'mortgage','2021-09-01','f6e2bc56-d5bf-43eb-baf4-1ce4e9b453c7','d8a0877d-a2f2-41fb-b683-b8b916f7d219');
insert into expenses (id, amount, note, merchant, paid_on, property_id, expense_type_id) values ('2c6f54ec-879e-4779-bcce-66a34fef65da', '280.02', '', 'mortgage','2021-10-01','f6e2bc56-d5bf-43eb-baf4-1ce4e9b453c7','d8a0877d-a2f2-41fb-b683-b8b916f7d219');
insert into expenses (id, amount, note, merchant, paid_on, property_id, expense_type_id) values ('267ffd43-19e8-43e4-82c0-c1fdd8128bed', '280.02', '', 'mortgage','2021-11-01','f6e2bc56-d5bf-43eb-baf4-1ce4e9b453c7','d8a0877d-a2f2-41fb-b683-b8b916f7d219');
insert into expenses (id, amount, note, merchant, paid_on, property_id, expense_type_id) values ('ad7dcd82-98a0-4f2f-b1d7-e6dc757a196e', '280.02', '', 'mortgage','2021-12-01','f6e2bc56-d5bf-43eb-baf4-1ce4e9b453c7','d8a0877d-a2f2-41fb-b683-b8b916f7d219');
insert into expenses (id, amount, note, merchant, paid_on, property_id, expense_type_id) values ('9ffe95b9-957b-49a0-97b4-61367cc3483b', '309.11', '', 'Home Depot','2021-11-15','f6e2bc56-d5bf-43eb-baf4-1ce4e9b453c7','c735181f-05a6-4c69-9988-4c9eeea6f4e9');
insert into expenses (id, amount, note, merchant, paid_on, property_id, expense_type_id) values ('73e2fcfc-9315-49cc-8518-d9de4ee7d76e', '102.62', '', 'Lowes','2021-11-15','f6e2bc56-d5bf-43eb-baf4-1ce4e9b453c7','c735181f-05a6-4c69-9988-4c9eeea6f4e9');
insert into expenses (id, amount, note, merchant, paid_on, property_id, expense_type_id) values ('b995e880-a2bf-4541-9913-802640ecaec9', '3.82', 'cleaners', 'Dollar general','2021-11-13','f6e2bc56-d5bf-43eb-baf4-1ce4e9b453c7','c735181f-05a6-4c69-9988-4c9eeea6f4e9');
insert into expenses (id, amount, note, merchant, paid_on, property_id, expense_type_id) values ('b87078aa-2f7e-4d04-88bd-b3daa31f3c0b', '39.19', '', 'Driscolls','2021-11-06','10a3fd1f-7a26-4ec5-9e13-5837eb74d9af','c735181f-05a6-4c69-9988-4c9eeea6f4e9');
insert into expenses (id, amount, note, merchant, paid_on, property_id, expense_type_id) values ('079d775a-59b6-405e-94a7-12285f1e2586', '12.77', '', 'Driscolls','2021-11-09','f6e2bc56-d5bf-43eb-baf4-1ce4e9b453c7','c735181f-05a6-4c69-9988-4c9eeea6f4e9');
insert into expenses (id, amount, note, merchant, paid_on, property_id, expense_type_id) values ('b4135d91-7c40-4e42-83fd-011709e53f5e', '215.6', '', 'sewer 50','2022-01-20','10a3fd1f-7a26-4ec5-9e13-5837eb74d9af','85586c4b-76c1-4829-aafe-182066911124');
insert into expenses (id, amount, note, merchant, paid_on, property_id, expense_type_id) values ('eacf496e-486f-49a7-b724-e515ef113854', '19.85', '', 'PPL','2021-11-16','f6e2bc56-d5bf-43eb-baf4-1ce4e9b453c7','85586c4b-76c1-4829-aafe-182066911124');
insert into expenses (id, amount, note, merchant, paid_on, property_id, expense_type_id) values ('f9d1746e-8ee4-428f-a084-90b1efb08ed6', '23.53', '', 'PPL','2021-11-16','10a3fd1f-7a26-4ec5-9e13-5837eb74d9af','85586c4b-76c1-4829-aafe-182066911124');
insert into expenses (id, amount, note, merchant, paid_on, property_id, expense_type_id) values ('af01e866-f32d-4b3b-ba33-247d81b807c8', '19.54', '', 'UGI','2021-11-16','f6e2bc56-d5bf-43eb-baf4-1ce4e9b453c7','85586c4b-76c1-4829-aafe-182066911124');
insert into expenses (id, amount, note, merchant, paid_on, property_id, expense_type_id) values ('21485501-da86-4afe-a97f-0e6863026ba8', '280.02', '', 'mortgage','2022-01-01','f6e2bc56-d5bf-43eb-baf4-1ce4e9b453c7','d8a0877d-a2f2-41fb-b683-b8b916f7d219');
insert into expenses (id, amount, note, merchant, paid_on, property_id, expense_type_id) values ('8fff05b8-8583-4edf-a431-eeb8f54937e0', '50.25', '', 'water','2021-11-30','f6e2bc56-d5bf-43eb-baf4-1ce4e9b453c7','85586c4b-76c1-4829-aafe-182066911124');
insert into expenses (id, amount, note, merchant, paid_on, property_id, expense_type_id) values ('46df1d66-8b98-4c57-ac52-5844d45871c4', '24.54', '', 'water','2021-11-30','10a3fd1f-7a26-4ec5-9e13-5837eb74d9af','85586c4b-76c1-4829-aafe-182066911124');
insert into expenses (id, amount, note, merchant, paid_on, property_id, expense_type_id) values ('44b16e13-be3d-4bc5-95d5-b90593e93e37', '18.1', '', 'water','2021-12-01','10a3fd1f-7a26-4ec5-9e13-5837eb74d9af','85586c4b-76c1-4829-aafe-182066911124');
insert into expenses (id, amount, note, merchant, paid_on, property_id, expense_type_id) values ('8f653ed9-b06f-4af4-84ff-319968939bf6', '60.22', '', 'water','2021-12-29','f6e2bc56-d5bf-43eb-baf4-1ce4e9b453c7','85586c4b-76c1-4829-aafe-182066911124');
insert into expenses (id, amount, note, merchant, paid_on, property_id, expense_type_id) values ('3ad382d1-397c-4966-a2cc-c94a72e31f52', '311.78', '', 'UGI','2022-01-18','f6e2bc56-d5bf-43eb-baf4-1ce4e9b453c7','85586c4b-76c1-4829-aafe-182066911124');
insert into expenses (id, amount, note, merchant, paid_on, property_id, expense_type_id) values ('b9938e15-0852-4663-a7ab-b0cf9b347223', '270.9', '', 'sewer','2022-01-20','f6e2bc56-d5bf-43eb-baf4-1ce4e9b453c7','85586c4b-76c1-4829-aafe-182066911124');
insert into expenses (id, amount, note, merchant, paid_on, property_id, expense_type_id) values ('f5c5d231-ab69-449b-8bce-f9349246bea8', '215.6', '', 'sewer 48','2022-01-20','10a3fd1f-7a26-4ec5-9e13-5837eb74d9af','85586c4b-76c1-4829-aafe-182066911124');
insert into expenses (id, amount, note, merchant, paid_on, property_id, expense_type_id) values ('74f21ddf-a88a-49d0-8a8b-446a90edb59b', '337.25', '', 'sewer','2022-01-20','f6e2bc56-d5bf-43eb-baf4-1ce4e9b453c7','85586c4b-76c1-4829-aafe-182066911124');
insert into expenses (id, amount, note, merchant, paid_on, property_id, expense_type_id) values ('c0922f86-5665-4cea-a7c0-26db19ad4a4b', '98.0', '', 'sewer 48','2022-01-20','10a3fd1f-7a26-4ec5-9e13-5837eb74d9af','85586c4b-76c1-4829-aafe-182066911124');
insert into expenses (id, amount, note, merchant, paid_on, property_id, expense_type_id) values ('c808075a-3403-499c-99fe-c936823b5d08', '98.0', '', 'sewer 50','2022-01-20','10a3fd1f-7a26-4ec5-9e13-5837eb74d9af','85586c4b-76c1-4829-aafe-182066911124');
insert into expenses (id, amount, note, merchant, paid_on, property_id, expense_type_id) values ('c88081d9-c225-418d-b0ba-ca13d90670e7', '188.83', '', 'Lowes','2021-12-11','f6e2bc56-d5bf-43eb-baf4-1ce4e9b453c7','c735181f-05a6-4c69-9988-4c9eeea6f4e9');
insert into expenses (id, amount, note, merchant, paid_on, property_id, expense_type_id) values ('387177a0-20c4-4e6e-83a7-cb15190b9ef3', '56.38', '', 'water','2021-12-30','10a3fd1f-7a26-4ec5-9e13-5837eb74d9af','85586c4b-76c1-4829-aafe-182066911124');
insert into expenses (id, amount, note, merchant, paid_on, property_id, expense_type_id) values ('6b315a67-92db-48ef-ad34-634c81e1353a', '123.38', '', 'UGI','2021-12-15','f6e2bc56-d5bf-43eb-baf4-1ce4e9b453c7','85586c4b-76c1-4829-aafe-182066911124');
insert into expenses (id, amount, note, merchant, paid_on, property_id, expense_type_id) values ('838afd10-8d87-4460-8938-279af117b36e', '129.55', '', 'Water','2024-11-27','10a3fd1f-7a26-4ec5-9e13-5837eb74d9af','85586c4b-76c1-4829-aafe-182066911124');
insert into expenses (id, amount, note, merchant, paid_on, property_id, expense_type_id) values ('555a781e-1100-4694-a1fb-d3b90b429db8', '142.91', '', 'Lowes','2021-12-05','f6e2bc56-d5bf-43eb-baf4-1ce4e9b453c7','c735181f-05a6-4c69-9988-4c9eeea6f4e9');
insert into expenses (id, amount, note, merchant, paid_on, property_id, expense_type_id) values ('ad936fee-1a45-4e79-88ce-7e8020cc7596', '104.88', '', 'Home Depot','2021-11-27','f6e2bc56-d5bf-43eb-baf4-1ce4e9b453c7','c735181f-05a6-4c69-9988-4c9eeea6f4e9');
insert into expenses (id, amount, note, merchant, paid_on, property_id, expense_type_id) values ('7de1996f-c856-4b44-91ee-93673eee2387', '708.74', '', 'Lokuta oil','2021-10-23','10a3fd1f-7a26-4ec5-9e13-5837eb74d9af','85586c4b-76c1-4829-aafe-182066911124');
insert into expenses (id, amount, note, merchant, paid_on, property_id, expense_type_id) values ('bc4e0100-e59b-4ffc-a001-e6faf9609394', '870.0', '', 'Danielson','2021-12-20','10a3fd1f-7a26-4ec5-9e13-5837eb74d9af','c735181f-05a6-4c69-9988-4c9eeea6f4e9');
insert into expenses (id, amount, note, merchant, paid_on, property_id, expense_type_id) values ('e23fe95c-c84d-48be-9844-993c5a8201fd', '60.0', '', 'Danielson','2022-01-31','10a3fd1f-7a26-4ec5-9e13-5837eb74d9af','c735181f-05a6-4c69-9988-4c9eeea6f4e9');
insert into expenses (id, amount, note, merchant, paid_on, property_id, expense_type_id) values ('ac148b17-7f0d-4e0d-864c-fb966b56ed00', '766.0', '', 'Danielson','2021-12-05','f6e2bc56-d5bf-43eb-baf4-1ce4e9b453c7','c735181f-05a6-4c69-9988-4c9eeea6f4e9');
insert into expenses (id, amount, note, merchant, paid_on, property_id, expense_type_id) values ('9ae1b2ab-52e6-4d71-ab33-99ebc5fb97e6', '419.89', '', 'UGI','2022-02-17','f6e2bc56-d5bf-43eb-baf4-1ce4e9b453c7','85586c4b-76c1-4829-aafe-182066911124');
insert into expenses (id, amount, note, merchant, paid_on, property_id, expense_type_id) values ('d54c8e91-2369-479f-ba6d-3779c4393ba0', '45.76', '', 'PPL','2022-01-26','f6e2bc56-d5bf-43eb-baf4-1ce4e9b453c7','85586c4b-76c1-4829-aafe-182066911124');
insert into expenses (id, amount, note, merchant, paid_on, property_id, expense_type_id) values ('3f63b3ed-73a7-418f-bc08-65e391a63b4f', '57.2', '', 'water','2022-02-25','10a3fd1f-7a26-4ec5-9e13-5837eb74d9af','85586c4b-76c1-4829-aafe-182066911124');
insert into expenses (id, amount, note, merchant, paid_on, property_id, expense_type_id) values ('a7f35344-1148-477d-b824-2e2105f70c69', '64.94', '', 'water','2022-02-25','f6e2bc56-d5bf-43eb-baf4-1ce4e9b453c7','85586c4b-76c1-4829-aafe-182066911124');
insert into expenses (id, amount, note, merchant, paid_on, property_id, expense_type_id) values ('81723143-5d44-4d67-b34b-15777adc1df5', '280.02', '', 'mortgage','2022-02-01','f6e2bc56-d5bf-43eb-baf4-1ce4e9b453c7','d8a0877d-a2f2-41fb-b683-b8b916f7d219');
insert into expenses (id, amount, note, merchant, paid_on, property_id, expense_type_id) values ('2450298c-f4e2-49a5-81be-22026c1bf88c', '280.02', '', 'mortgage','2022-03-31','f6e2bc56-d5bf-43eb-baf4-1ce4e9b453c7','d8a0877d-a2f2-41fb-b683-b8b916f7d219');
insert into expenses (id, amount, note, merchant, paid_on, property_id, expense_type_id) values ('aef1c4f2-edc6-4569-8bc3-85f7a2940725', '190.8', '', 'Stanley Steemer','2021-12-05','f6e2bc56-d5bf-43eb-baf4-1ce4e9b453c7','105c79dd-ff18-40b7-a92e-1705c833de63');
insert into expenses (id, amount, note, merchant, paid_on, property_id, expense_type_id) values ('782c4148-b842-401f-9066-00ab2dbdfe2b', '526.0', '', 'insurance','2021-10-30','10a3fd1f-7a26-4ec5-9e13-5837eb74d9af','8ec745fd-17a0-434b-aa33-4fdc0ebfe552');
insert into expenses (id, amount, note, merchant, paid_on, property_id, expense_type_id) values ('383d20f0-902a-4bd6-8017-e214a67609fc', '708.0', '', 'insurance','2021-06-29','f6e2bc56-d5bf-43eb-baf4-1ce4e9b453c7','8ec745fd-17a0-434b-aa33-4fdc0ebfe552');
insert into expenses (id, amount, note, merchant, paid_on, property_id, expense_type_id) values ('e7107b41-87d9-40de-8ebd-af73d99a847a', '280.02', '', 'mortgage','2022-04-01','f6e2bc56-d5bf-43eb-baf4-1ce4e9b453c7','d8a0877d-a2f2-41fb-b683-b8b916f7d219');
insert into expenses (id, amount, note, merchant, paid_on, property_id, expense_type_id) values ('3942f97a-b1ee-4351-a114-55a4567f2ec8', '342.71', '', 'UGI','2022-03-21','f6e2bc56-d5bf-43eb-baf4-1ce4e9b453c7','85586c4b-76c1-4829-aafe-182066911124');
insert into expenses (id, amount, note, merchant, paid_on, property_id, expense_type_id) values ('8d8e1a02-39c2-4ebc-bc4d-885d90e71da0', '57.2', '', 'water','2022-03-28','10a3fd1f-7a26-4ec5-9e13-5837eb74d9af','85586c4b-76c1-4829-aafe-182066911124');
insert into expenses (id, amount, note, merchant, paid_on, property_id, expense_type_id) values ('93f6de93-dfef-4c52-bce3-a8801b16b417', '64.94', '', 'water','2022-03-28','f6e2bc56-d5bf-43eb-baf4-1ce4e9b453c7','85586c4b-76c1-4829-aafe-182066911124');
insert into expenses (id, amount, note, merchant, paid_on, property_id, expense_type_id) values ('54391cee-6689-4c20-be77-fc03ba3b41d0', '375.0', '', 'Danielson','2022-04-09','f6e2bc56-d5bf-43eb-baf4-1ce4e9b453c7','c735181f-05a6-4c69-9988-4c9eeea6f4e9');
insert into expenses (id, amount, note, merchant, paid_on, property_id, expense_type_id) values ('e3e4d126-165f-4d7c-8561-0d34b8c70936', '438.0', '', 'Danielson','2022-03-20','f6e2bc56-d5bf-43eb-baf4-1ce4e9b453c7','c735181f-05a6-4c69-9988-4c9eeea6f4e9');
insert into expenses (id, amount, note, merchant, paid_on, property_id, expense_type_id) values ('16d7b430-e87c-469e-9fd3-c02ac68566c4', '1381.0', '', 'Danielson','2022-02-25','f6e2bc56-d5bf-43eb-baf4-1ce4e9b453c7','c735181f-05a6-4c69-9988-4c9eeea6f4e9');
insert into expenses (id, amount, note, merchant, paid_on, property_id, expense_type_id) values ('a09be68b-eb95-40d1-a645-a8abdbd70bf1', '1015.0', 'water heater', 'Danielson','2022-03-10','10a3fd1f-7a26-4ec5-9e13-5837eb74d9af','c735181f-05a6-4c69-9988-4c9eeea6f4e9');
insert into expenses (id, amount, note, merchant, paid_on, property_id, expense_type_id) values ('5c498727-cdbf-4db6-a689-4ded609bcc41', '210.05', '', 'Pittston City Garbage','2022-04-12','f6e2bc56-d5bf-43eb-baf4-1ce4e9b453c7','85586c4b-76c1-4829-aafe-182066911124');
insert into expenses (id, amount, note, merchant, paid_on, property_id, expense_type_id) values ('db3bd85c-b65f-41d5-b49a-d941a3e50b87', '200.0', '', 'Pittston rental inspection','2022-04-12','f6e2bc56-d5bf-43eb-baf4-1ce4e9b453c7','3fe8f8b0-608e-4ab7-bf69-747e63a8ce2d');
insert into expenses (id, amount, note, merchant, paid_on, property_id, expense_type_id) values ('0d1cbdb6-8634-4920-afae-f079dabbcef2', '1069.9', '', 'Pittston City Treasurer','2022-08-11','f6e2bc56-d5bf-43eb-baf4-1ce4e9b453c7','914fdfc1-c8c9-4289-af59-b3d66c4110d8');
insert into expenses (id, amount, note, merchant, paid_on, property_id, expense_type_id) values ('7bb25a3d-5489-4b65-9dc3-4abe6750ff9e', '1021.26', '', 'Jenkins Township','2022-08-11','10a3fd1f-7a26-4ec5-9e13-5837eb74d9af','914fdfc1-c8c9-4289-af59-b3d66c4110d8');
insert into expenses (id, amount, note, merchant, paid_on, property_id, expense_type_id) values ('65ddd7b0-f391-4f3f-80e9-be34a26ad190', '21.04', '', 'UGI','2022-08-18','f6e2bc56-d5bf-43eb-baf4-1ce4e9b453c7','85586c4b-76c1-4829-aafe-182066911124');
insert into expenses (id, amount, note, merchant, paid_on, property_id, expense_type_id) values ('b4e2919b-eaa9-4c21-88e6-eb215723653b', '23.41', '', 'UGI','2022-07-19','f6e2bc56-d5bf-43eb-baf4-1ce4e9b453c7','85586c4b-76c1-4829-aafe-182066911124');
insert into expenses (id, amount, note, merchant, paid_on, property_id, expense_type_id) values ('9259eaa1-0320-499f-a290-c8e73ae91697', '60.53', '', 'UGI','2022-06-17','f6e2bc56-d5bf-43eb-baf4-1ce4e9b453c7','85586c4b-76c1-4829-aafe-182066911124');
insert into expenses (id, amount, note, merchant, paid_on, property_id, expense_type_id) values ('0d77078f-770d-4d74-8b4f-a7f90514d8ff', '176.79', '', 'UGI','2022-05-19','f6e2bc56-d5bf-43eb-baf4-1ce4e9b453c7','85586c4b-76c1-4829-aafe-182066911124');
insert into expenses (id, amount, note, merchant, paid_on, property_id, expense_type_id) values ('55fb66ea-6880-4646-8e22-56e4d1b1f21e', '212.23', '', 'UGI','2022-04-20','f6e2bc56-d5bf-43eb-baf4-1ce4e9b453c7','85586c4b-76c1-4829-aafe-182066911124');
insert into expenses (id, amount, note, merchant, paid_on, property_id, expense_type_id) values ('9bf7c52b-5ec9-41f3-ab6f-e794f3bc8d59', '280.02', '', 'mortgage','2022-05-01','f6e2bc56-d5bf-43eb-baf4-1ce4e9b453c7','d8a0877d-a2f2-41fb-b683-b8b916f7d219');
insert into expenses (id, amount, note, merchant, paid_on, property_id, expense_type_id) values ('f7063dae-70d4-4fba-8c34-f114cdfeb998', '280.02', '', 'mortgage','2022-06-01','f6e2bc56-d5bf-43eb-baf4-1ce4e9b453c7','d8a0877d-a2f2-41fb-b683-b8b916f7d219');
insert into expenses (id, amount, note, merchant, paid_on, property_id, expense_type_id) values ('899bb116-c5c4-41ea-b109-7af74fd5d4d6', '280.02', '', 'mortgage','2022-07-01','f6e2bc56-d5bf-43eb-baf4-1ce4e9b453c7','d8a0877d-a2f2-41fb-b683-b8b916f7d219');
insert into expenses (id, amount, note, merchant, paid_on, property_id, expense_type_id) values ('6ec93d0d-d449-4d31-a3ca-bc9503eb34f7', '280.02', '', 'mortgage','2022-08-01','f6e2bc56-d5bf-43eb-baf4-1ce4e9b453c7','d8a0877d-a2f2-41fb-b683-b8b916f7d219');
insert into expenses (id, amount, note, merchant, paid_on, property_id, expense_type_id) values ('89f8d119-a64c-4433-9b58-4a7a82731911', '280.02', '', 'mortgage','2022-09-01','f6e2bc56-d5bf-43eb-baf4-1ce4e9b453c7','d8a0877d-a2f2-41fb-b683-b8b916f7d219');
insert into expenses (id, amount, note, merchant, paid_on, property_id, expense_type_id) values ('2aae9a58-45be-4c13-ad86-870c93df00fa', '105.1', '', 'water','2022-08-01','f6e2bc56-d5bf-43eb-baf4-1ce4e9b453c7','85586c4b-76c1-4829-aafe-182066911124');
insert into expenses (id, amount, note, merchant, paid_on, property_id, expense_type_id) values ('45cae1d9-9b79-4ed1-8236-f2dfe5717c2e', '75.02', '', 'water','2022-08-01','10a3fd1f-7a26-4ec5-9e13-5837eb74d9af','85586c4b-76c1-4829-aafe-182066911124');
insert into expenses (id, amount, note, merchant, paid_on, property_id, expense_type_id) values ('0f185c43-fd9b-46e9-a71e-65bca5f659e5', '94.64', '', 'water','2022-08-26','f6e2bc56-d5bf-43eb-baf4-1ce4e9b453c7','85586c4b-76c1-4829-aafe-182066911124');
insert into expenses (id, amount, note, merchant, paid_on, property_id, expense_type_id) values ('0a269348-eec5-41c9-81ed-d2c63e0dff41', '54.09', '', 'water','2022-08-26','10a3fd1f-7a26-4ec5-9e13-5837eb74d9af','85586c4b-76c1-4829-aafe-182066911124');
insert into expenses (id, amount, note, merchant, paid_on, property_id, expense_type_id) values ('ba72c466-8774-477a-9e50-dcd30946da7b', '103.81', '', 'water','2022-06-27','f6e2bc56-d5bf-43eb-baf4-1ce4e9b453c7','85586c4b-76c1-4829-aafe-182066911124');
insert into expenses (id, amount, note, merchant, paid_on, property_id, expense_type_id) values ('2910de20-5cc3-41d0-90ca-1b9d07a2e30a', '61.18', '', 'water','2022-06-27','10a3fd1f-7a26-4ec5-9e13-5837eb74d9af','85586c4b-76c1-4829-aafe-182066911124');
insert into expenses (id, amount, note, merchant, paid_on, property_id, expense_type_id) values ('21cbaa0a-0ae1-444b-83b3-50b82ad8b758', '88.3', '', 'water','2022-05-31','f6e2bc56-d5bf-43eb-baf4-1ce4e9b453c7','85586c4b-76c1-4829-aafe-182066911124');
insert into expenses (id, amount, note, merchant, paid_on, property_id, expense_type_id) values ('3a3992d5-b90b-4db7-b441-9e681205a6f9', '52.14', '', 'water','2022-05-31','10a3fd1f-7a26-4ec5-9e13-5837eb74d9af','85586c4b-76c1-4829-aafe-182066911124');
insert into expenses (id, amount, note, merchant, paid_on, property_id, expense_type_id) values ('5f3d1047-f95c-4605-9033-b5a2fda14022', '80.56', '', 'water','2022-05-02','f6e2bc56-d5bf-43eb-baf4-1ce4e9b453c7','85586c4b-76c1-4829-aafe-182066911124');
insert into expenses (id, amount, note, merchant, paid_on, property_id, expense_type_id) values ('4a0f129d-d48d-4a19-bf17-33a9e97adf1e', '59.88', '', 'water','2022-05-02','10a3fd1f-7a26-4ec5-9e13-5837eb74d9af','85586c4b-76c1-4829-aafe-182066911124');
insert into expenses (id, amount, note, merchant, paid_on, property_id, expense_type_id) values ('530a17da-9155-49b6-a90c-ddb8364051b4', '723.0', '', 'foremost insurance','2022-07-23','f6e2bc56-d5bf-43eb-baf4-1ce4e9b453c7','8ec745fd-17a0-434b-aa33-4fdc0ebfe552');
insert into expenses (id, amount, note, merchant, paid_on, property_id, expense_type_id) values ('66872f24-3db6-4948-b371-1afe2c137c4f', '280.02', '', 'mortgage','2022-10-01','f6e2bc56-d5bf-43eb-baf4-1ce4e9b453c7','d8a0877d-a2f2-41fb-b683-b8b916f7d219');
insert into expenses (id, amount, note, merchant, paid_on, property_id, expense_type_id) values ('64f662bf-8146-4b4c-9ef8-d59daa2d578e', '22.74', '', 'ugi','2022-10-18','f6e2bc56-d5bf-43eb-baf4-1ce4e9b453c7','85586c4b-76c1-4829-aafe-182066911124');
insert into expenses (id, amount, note, merchant, paid_on, property_id, expense_type_id) values ('82027f28-ae9f-4e8e-86d0-5354671f1c58', '21.04', '', 'ugi','2022-09-19','f6e2bc56-d5bf-43eb-baf4-1ce4e9b453c7','85586c4b-76c1-4829-aafe-182066911124');
insert into expenses (id, amount, note, merchant, paid_on, property_id, expense_type_id) values ('58649335-d0d4-4438-9d01-53bb68f1b888', '67.17', '', 'water','2022-09-28','10a3fd1f-7a26-4ec5-9e13-5837eb74d9af','85586c4b-76c1-4829-aafe-182066911124');
insert into expenses (id, amount, note, merchant, paid_on, property_id, expense_type_id) values ('de0ba610-defc-4d80-bf27-15030c328f30', '95.95', '', 'water','2022-09-28','f6e2bc56-d5bf-43eb-baf4-1ce4e9b453c7','85586c4b-76c1-4829-aafe-182066911124');
insert into expenses (id, amount, note, merchant, paid_on, property_id, expense_type_id) values ('c1591a62-6a80-447c-9dc1-b9efc679d425', '280.02', '', 'mortgage','2022-11-01','f6e2bc56-d5bf-43eb-baf4-1ce4e9b453c7','d8a0877d-a2f2-41fb-b683-b8b916f7d219');
insert into expenses (id, amount, note, merchant, paid_on, property_id, expense_type_id) values ('4ac14e93-fc1c-4ca8-967f-5886cfe004e7', '609.0', '', 'foremost insurance','2022-11-04','10a3fd1f-7a26-4ec5-9e13-5837eb74d9af','8ec745fd-17a0-434b-aa33-4fdc0ebfe552');
insert into expenses (id, amount, note, merchant, paid_on, property_id, expense_type_id) values ('8b0e54e8-3649-4edf-8491-5676c918fe6f', '103.63', '', 'water','2022-11-01','f6e2bc56-d5bf-43eb-baf4-1ce4e9b453c7','85586c4b-76c1-4829-aafe-182066911124');
insert into expenses (id, amount, note, merchant, paid_on, property_id, expense_type_id) values ('d5e58b4e-cd65-4f09-bf4a-338ccc1686b3', '78.5', '', 'water','2022-11-01','10a3fd1f-7a26-4ec5-9e13-5837eb74d9af','85586c4b-76c1-4829-aafe-182066911124');
insert into expenses (id, amount, note, merchant, paid_on, property_id, expense_type_id) values ('9cf4ff3b-5cf2-4f85-b5fd-1dfd5f3b0932', '230.0', '', 'Danielson','2020-04-26','f6e2bc56-d5bf-43eb-baf4-1ce4e9b453c7','c735181f-05a6-4c69-9988-4c9eeea6f4e9');
insert into expenses (id, amount, note, merchant, paid_on, property_id, expense_type_id) values ('9d7c5a51-9266-4a44-b0ab-f8e5eed98f9f', '44.67', '', 'water','2022-11-28','10a3fd1f-7a26-4ec5-9e13-5837eb74d9af','85586c4b-76c1-4829-aafe-182066911124');
insert into expenses (id, amount, note, merchant, paid_on, property_id, expense_type_id) values ('2bb4f10d-48e5-465d-a81e-1cee7c8a5960', '56.01', '', 'water','2022-11-28','10a3fd1f-7a26-4ec5-9e13-5837eb74d9af','85586c4b-76c1-4829-aafe-182066911124');
insert into expenses (id, amount, note, merchant, paid_on, property_id, expense_type_id) values ('927dd551-e16d-498e-bd76-cbcc523bac2b', '95.69', '', 'water','2022-11-28','f6e2bc56-d5bf-43eb-baf4-1ce4e9b453c7','85586c4b-76c1-4829-aafe-182066911124');
insert into expenses (id, amount, note, merchant, paid_on, property_id, expense_type_id) values ('2fa27e3c-26cf-4ff9-834d-536d26ea121d', '1027.13', '', 'Voitek','2022-05-09','10a3fd1f-7a26-4ec5-9e13-5837eb74d9af','c735181f-05a6-4c69-9988-4c9eeea6f4e9');
insert into expenses (id, amount, note, merchant, paid_on, property_id, expense_type_id) values ('2959c76a-9073-412f-a4a5-7205a977bfec', '43.22', 'propane', 'Modern Gas','2022-03-17','10a3fd1f-7a26-4ec5-9e13-5837eb74d9af','85586c4b-76c1-4829-aafe-182066911124');
insert into expenses (id, amount, note, merchant, paid_on, property_id, expense_type_id) values ('517f190f-2819-4e0b-85b3-b7777043d234', '51.94', '', 'Home Depot','2022-12-02','10a3fd1f-7a26-4ec5-9e13-5837eb74d9af','c735181f-05a6-4c69-9988-4c9eeea6f4e9');
insert into expenses (id, amount, note, merchant, paid_on, property_id, expense_type_id) values ('36ccf8ff-6842-4f74-9532-47fe767d7c39', '93.21', 'junk removal', 'Alliance landfill','2022-07-15','10a3fd1f-7a26-4ec5-9e13-5837eb74d9af','105c79dd-ff18-40b7-a92e-1705c833de63');
insert into expenses (id, amount, note, merchant, paid_on, property_id, expense_type_id) values ('2919f1cf-d522-47bb-8f37-e3b309248695', '280.02', '', 'mortgage','2022-12-01','f6e2bc56-d5bf-43eb-baf4-1ce4e9b453c7','d8a0877d-a2f2-41fb-b683-b8b916f7d219');
insert into expenses (id, amount, note, merchant, paid_on, property_id, expense_type_id) values ('9ccc79bd-49e7-4997-abf2-dadd575c3d64', '57.44', 'propane', 'Modern Gas','2022-11-03','10a3fd1f-7a26-4ec5-9e13-5837eb74d9af','85586c4b-76c1-4829-aafe-182066911124');
insert into expenses (id, amount, note, merchant, paid_on, property_id, expense_type_id) values ('8e41a7c1-a2b1-4486-9301-87587e6b5815', '74.0', '', 'Danielson','2022-05-21','10a3fd1f-7a26-4ec5-9e13-5837eb74d9af','c735181f-05a6-4c69-9988-4c9eeea6f4e9');
insert into expenses (id, amount, note, merchant, paid_on, property_id, expense_type_id) values ('bd63fd9e-86ec-4414-b713-ddc95178c0af', '132.0', '', 'Danielson','2022-05-17','10a3fd1f-7a26-4ec5-9e13-5837eb74d9af','c735181f-05a6-4c69-9988-4c9eeea6f4e9');
insert into expenses (id, amount, note, merchant, paid_on, property_id, expense_type_id) values ('3b805220-6421-4aff-8766-ca23c96f925e', '235.0', '', 'Danielson','2022-07-22','10a3fd1f-7a26-4ec5-9e13-5837eb74d9af','c735181f-05a6-4c69-9988-4c9eeea6f4e9');
insert into expenses (id, amount, note, merchant, paid_on, property_id, expense_type_id) values ('16be56d9-022b-4554-9452-0de84ce9d8fa', '280.0', 'boiler cleaning for both units', 'Aurora heating and cooling','2022-12-14','10a3fd1f-7a26-4ec5-9e13-5837eb74d9af','105c79dd-ff18-40b7-a92e-1705c833de63');
insert into expenses (id, amount, note, merchant, paid_on, property_id, expense_type_id) values ('6ae49c32-9a58-4865-a608-1b49df1b4114', '235.88', '', 'Aurora heating and cooling','2022-12-11','f6e2bc56-d5bf-43eb-baf4-1ce4e9b453c7','c735181f-05a6-4c69-9988-4c9eeea6f4e9');
insert into expenses (id, amount, note, merchant, paid_on, property_id, expense_type_id) values ('f2329765-87f3-4c4a-b13f-1dbda7ab16a6', '272.0', '', 'Danielson','2022-11-04','10a3fd1f-7a26-4ec5-9e13-5837eb74d9af','c735181f-05a6-4c69-9988-4c9eeea6f4e9');
insert into expenses (id, amount, note, merchant, paid_on, property_id, expense_type_id) values ('f0f52b8b-ee39-4cf0-8455-0b1c0ff68fb7', '500.0', '', 'garbage sticker','2022-01-28','10a3fd1f-7a26-4ec5-9e13-5837eb74d9af','85586c4b-76c1-4829-aafe-182066911124');
insert into expenses (id, amount, note, merchant, paid_on, property_id, expense_type_id) values ('4dd9a652-73a3-48df-bc8b-b183442d737b', '280.02', '', 'mortgage','2023-01-01','f6e2bc56-d5bf-43eb-baf4-1ce4e9b453c7','d8a0877d-a2f2-41fb-b683-b8b916f7d219');
insert into expenses (id, amount, note, merchant, paid_on, property_id, expense_type_id) values ('694ee059-9732-4a7e-94f4-4015d819c98a', '94.37', '', 'water','2022-12-22','f6e2bc56-d5bf-43eb-baf4-1ce4e9b453c7','85586c4b-76c1-4829-aafe-182066911124');
insert into expenses (id, amount, note, merchant, paid_on, property_id, expense_type_id) values ('a5177512-d6cb-47c7-8baf-5e5a8a71748a', '59.98', '', 'water','2022-12-22','10a3fd1f-7a26-4ec5-9e13-5837eb74d9af','85586c4b-76c1-4829-aafe-182066911124');
insert into expenses (id, amount, note, merchant, paid_on, property_id, expense_type_id) values ('2fc4da68-471d-44ac-8ab4-b36531b4640c', '330.0', '', 'Sewer maintenance','2023-01-08','f6e2bc56-d5bf-43eb-baf4-1ce4e9b453c7','85586c4b-76c1-4829-aafe-182066911124');
insert into expenses (id, amount, note, merchant, paid_on, property_id, expense_type_id) values ('da79a3ca-dfe1-4d4e-bc73-405dbde41ec3', '98.0', '', 'sewer 50','2023-01-08','10a3fd1f-7a26-4ec5-9e13-5837eb74d9af','85586c4b-76c1-4829-aafe-182066911124');
insert into expenses (id, amount, note, merchant, paid_on, property_id, expense_type_id) values ('e66b67e4-2e77-4d8d-aaa6-4fe17d3feb24', '17.67', '', 'water','2022-12-22','10a3fd1f-7a26-4ec5-9e13-5837eb74d9af','85586c4b-76c1-4829-aafe-182066911124');
insert into expenses (id, amount, note, merchant, paid_on, property_id, expense_type_id) values ('193bec86-0617-43c8-b5ee-7cf54fcb38c9', '98.0', '', 'sewer 48','2023-01-08','10a3fd1f-7a26-4ec5-9e13-5837eb74d9af','85586c4b-76c1-4829-aafe-182066911124');
insert into expenses (id, amount, note, merchant, paid_on, property_id, expense_type_id) values ('d14258f6-dcfd-4539-8170-444da7a74818', '215.6', '', 'WVSA 50','2023-01-08','10a3fd1f-7a26-4ec5-9e13-5837eb74d9af','85586c4b-76c1-4829-aafe-182066911124');
insert into expenses (id, amount, note, merchant, paid_on, property_id, expense_type_id) values ('4eb8180b-f68b-424f-8e07-35fac0a4fd14', '270.9', '', 'WVSA 48','2023-01-08','10a3fd1f-7a26-4ec5-9e13-5837eb74d9af','85586c4b-76c1-4829-aafe-182066911124');
insert into expenses (id, amount, note, merchant, paid_on, property_id, expense_type_id) values ('82d513ae-e3e8-4fdf-b3eb-9562d2b78fc2', '270.9', '', 'WVSA','2023-01-08','10a3fd1f-7a26-4ec5-9e13-5837eb74d9af','85586c4b-76c1-4829-aafe-182066911124');
insert into expenses (id, amount, note, merchant, paid_on, property_id, expense_type_id) values ('66f02ce0-a2a2-441e-9f38-ffcc7e1f2734', '120.0', 'refrigerator water line installation', 'Al Peters through Voitek','2022-05-17','10a3fd1f-7a26-4ec5-9e13-5837eb74d9af','a801d25b-7f31-4782-b9a2-84cd78bdde71');
insert into expenses (id, amount, note, merchant, paid_on, property_id, expense_type_id) values ('cbaf1f74-08a7-4374-8660-fd8f6f36558f', '280.02', '', 'mortgage','2023-02-01','f6e2bc56-d5bf-43eb-baf4-1ce4e9b453c7','d8a0877d-a2f2-41fb-b683-b8b916f7d219');
insert into expenses (id, amount, note, merchant, paid_on, property_id, expense_type_id) values ('86200411-8ebd-4d88-a43a-607c4d061fb2', '681.28', '', 'Bedford Fuel Service','2023-02-24','10a3fd1f-7a26-4ec5-9e13-5837eb74d9af','85586c4b-76c1-4829-aafe-182066911124');
insert into expenses (id, amount, note, merchant, paid_on, property_id, expense_type_id) values ('2aed988d-e857-4df0-9ab6-d2ad3f2ebf37', '108.05', '', 'water','2023-02-02','f6e2bc56-d5bf-43eb-baf4-1ce4e9b453c7','85586c4b-76c1-4829-aafe-182066911124');
insert into expenses (id, amount, note, merchant, paid_on, property_id, expense_type_id) values ('7a90244f-5b97-43fe-a76a-1e8e5283f63d', '64.22', '', 'water','2023-02-02','10a3fd1f-7a26-4ec5-9e13-5837eb74d9af','85586c4b-76c1-4829-aafe-182066911124');
insert into expenses (id, amount, note, merchant, paid_on, property_id, expense_type_id) values ('2c4e4a8f-d348-4fed-8f22-ad19546c6615', '24.38', '', 'water','2023-02-02','10a3fd1f-7a26-4ec5-9e13-5837eb74d9af','85586c4b-76c1-4829-aafe-182066911124');
insert into expenses (id, amount, note, merchant, paid_on, property_id, expense_type_id) values ('0d262313-6177-4720-a748-715da46d4a84', '477.77', '', 'UGI','2023-02-17','f6e2bc56-d5bf-43eb-baf4-1ce4e9b453c7','85586c4b-76c1-4829-aafe-182066911124');
insert into expenses (id, amount, note, merchant, paid_on, property_id, expense_type_id) values ('90914db3-4c18-4b70-9208-e92c38e47408', '377.96', '', 'UGI','2023-01-17','f6e2bc56-d5bf-43eb-baf4-1ce4e9b453c7','85586c4b-76c1-4829-aafe-182066911124');
insert into expenses (id, amount, note, merchant, paid_on, property_id, expense_type_id) values ('7f6eef39-76b9-4597-ab1e-1acbdbb99cc5', '123.77', '', 'Petros Hardware','2023-01-21','f6e2bc56-d5bf-43eb-baf4-1ce4e9b453c7','c735181f-05a6-4c69-9988-4c9eeea6f4e9');
insert into expenses (id, amount, note, merchant, paid_on, property_id, expense_type_id) values ('5920e1fd-1c29-47d1-bdf2-2c09663cb2a5', '25.19', '', 'Petros Hardware','2023-01-21','f6e2bc56-d5bf-43eb-baf4-1ce4e9b453c7','c735181f-05a6-4c69-9988-4c9eeea6f4e9');
insert into expenses (id, amount, note, merchant, paid_on, property_id, expense_type_id) values ('9344ddba-5868-449a-b83e-e102f1754219', '4.87', '', 'Petros Hardware','2023-01-21','f6e2bc56-d5bf-43eb-baf4-1ce4e9b453c7','c735181f-05a6-4c69-9988-4c9eeea6f4e9');
insert into expenses (id, amount, note, merchant, paid_on, property_id, expense_type_id) values ('2322d38a-da1a-41af-9638-25de1d24c1a7', '24.11', '', 'Lowes','2022-12-31','10a3fd1f-7a26-4ec5-9e13-5837eb74d9af','105c79dd-ff18-40b7-a92e-1705c833de63');
insert into expenses (id, amount, note, merchant, paid_on, property_id, expense_type_id) values ('9cf0eaa0-b68f-4c48-81e9-2ea2d1ac0098', '285.0', 'garbage sticker', 'Jenkins Township','2023-01-12','10a3fd1f-7a26-4ec5-9e13-5837eb74d9af','85586c4b-76c1-4829-aafe-182066911124');
insert into expenses (id, amount, note, merchant, paid_on, property_id, expense_type_id) values ('b1419ea2-4c34-4201-90ec-c09585a015dd', '285.0', 'garbage sticker', 'Jenkins Township','2023-01-12','10a3fd1f-7a26-4ec5-9e13-5837eb74d9af','85586c4b-76c1-4829-aafe-182066911124');
insert into expenses (id, amount, note, merchant, paid_on, property_id, expense_type_id) values ('80c95997-ca3a-4f99-a1cd-9f7779569387', '4.76', '', '415 Hardware','2022-10-02','10a3fd1f-7a26-4ec5-9e13-5837eb74d9af','c735181f-05a6-4c69-9988-4c9eeea6f4e9');
insert into expenses (id, amount, note, merchant, paid_on, property_id, expense_type_id) values ('149b99ca-22de-433a-9fdc-bc00ef3dcf15', '5.49', '', 'Petros Hardware','2022-10-31','f6e2bc56-d5bf-43eb-baf4-1ce4e9b453c7','105c79dd-ff18-40b7-a92e-1705c833de63');
insert into expenses (id, amount, note, merchant, paid_on, property_id, expense_type_id) values ('ecb2a28d-d474-415b-8713-21c8443cb98f', '5.93', '', 'Petros Hardware','2023-01-21','10a3fd1f-7a26-4ec5-9e13-5837eb74d9af','c735181f-05a6-4c69-9988-4c9eeea6f4e9');
insert into expenses (id, amount, note, merchant, paid_on, property_id, expense_type_id) values ('5af01b61-10d1-4dc7-b216-6e7981390a05', '22.22', '', 'Harbor Freight','2023-02-18','f6e2bc56-d5bf-43eb-baf4-1ce4e9b453c7','c735181f-05a6-4c69-9988-4c9eeea6f4e9');
insert into expenses (id, amount, note, merchant, paid_on, property_id, expense_type_id) values ('97fb23a2-25ea-4511-ba2f-c836e6cc2f0a', '50.14', '', 'Home Depot','2022-10-22','10a3fd1f-7a26-4ec5-9e13-5837eb74d9af','105c79dd-ff18-40b7-a92e-1705c833de63');
insert into expenses (id, amount, note, merchant, paid_on, property_id, expense_type_id) values ('d360b78b-b3cd-41ed-9109-2b013639c5a6', '25.08', '', 'Driscolls','2023-01-20','f6e2bc56-d5bf-43eb-baf4-1ce4e9b453c7','c735181f-05a6-4c69-9988-4c9eeea6f4e9');
insert into expenses (id, amount, note, merchant, paid_on, property_id, expense_type_id) values ('1907d025-77e8-4cca-8a76-944c4fbc1c58', '5.29', '', 'Harbor Freight','2022-10-16','10a3fd1f-7a26-4ec5-9e13-5837eb74d9af','105c79dd-ff18-40b7-a92e-1705c833de63');
insert into expenses (id, amount, note, merchant, paid_on, property_id, expense_type_id) values ('9c802ed9-5e91-4654-81b3-c66789643f28', '443.06', '', 'Pittston City Treasurer','2023-02-26','f6e2bc56-d5bf-43eb-baf4-1ce4e9b453c7','914fdfc1-c8c9-4289-af59-b3d66c4110d8');
insert into expenses (id, amount, note, merchant, paid_on, property_id, expense_type_id) values ('97ba0432-fd3d-47f4-a684-2ac195cfa54d', '410.98', '', 'Luzerne co treasurers office','2023-02-26','f6e2bc56-d5bf-43eb-baf4-1ce4e9b453c7','914fdfc1-c8c9-4289-af59-b3d66c4110d8');
insert into expenses (id, amount, note, merchant, paid_on, property_id, expense_type_id) values ('7e71af62-a021-4909-ada0-6012ec822af3', '23.15', 'paint', 'Lowes','2022-11-27','10a3fd1f-7a26-4ec5-9e13-5837eb74d9af','c735181f-05a6-4c69-9988-4c9eeea6f4e9');
insert into expenses (id, amount, note, merchant, paid_on, property_id, expense_type_id) values ('99f9cabf-4a65-46b8-972a-bb913ff9b72e', '11000.0', 'new drain pipe, concrete, dont have real invoice', 'Belles Property Management','2022-12-14','f6e2bc56-d5bf-43eb-baf4-1ce4e9b453c7','c735181f-05a6-4c69-9988-4c9eeea6f4e9');
insert into expenses (id, amount, note, merchant, paid_on, property_id, expense_type_id) values ('61794604-a0ad-4c4a-8567-624906047da6', '489.55', '', 'Virginia Linksey tax collector','2023-02-26','10a3fd1f-7a26-4ec5-9e13-5837eb74d9af','914fdfc1-c8c9-4289-af59-b3d66c4110d8');
insert into expenses (id, amount, note, merchant, paid_on, property_id, expense_type_id) values ('6b34d241-4951-407e-9e0e-d127c481603a', '104.65', '', 'Lowes','2022-10-09','10a3fd1f-7a26-4ec5-9e13-5837eb74d9af','c735181f-05a6-4c69-9988-4c9eeea6f4e9');
insert into expenses (id, amount, note, merchant, paid_on, property_id, expense_type_id) values ('b2eae383-1345-4025-ac19-8c04a6f9abda', '280.02', '', 'mortgage','2023-03-01','f6e2bc56-d5bf-43eb-baf4-1ce4e9b453c7','d8a0877d-a2f2-41fb-b683-b8b916f7d219');
insert into expenses (id, amount, note, merchant, paid_on, property_id, expense_type_id) values ('cbb821d5-400a-442e-b504-a88d6b81dda5', '280.02', '', 'mortgage','2023-04-01','f6e2bc56-d5bf-43eb-baf4-1ce4e9b453c7','d8a0877d-a2f2-41fb-b683-b8b916f7d219');
insert into expenses (id, amount, note, merchant, paid_on, property_id, expense_type_id) values ('303f260c-d5c7-4483-ad0f-1a631b2fa438', '280.02', '', 'mortgage','2023-05-01','f6e2bc56-d5bf-43eb-baf4-1ce4e9b453c7','d8a0877d-a2f2-41fb-b683-b8b916f7d219');
insert into expenses (id, amount, note, merchant, paid_on, property_id, expense_type_id) values ('8e3addd1-5129-46bf-ac80-7d836cb54de2', '280.02', '', 'mortgage','2023-06-01','f6e2bc56-d5bf-43eb-baf4-1ce4e9b453c7','d8a0877d-a2f2-41fb-b683-b8b916f7d219');
insert into expenses (id, amount, note, merchant, paid_on, property_id, expense_type_id) values ('dba5e3f6-fbff-45d5-a026-61be5c39c858', '280.02', '', 'mortgage','2023-07-01','f6e2bc56-d5bf-43eb-baf4-1ce4e9b453c7','d8a0877d-a2f2-41fb-b683-b8b916f7d219');
insert into expenses (id, amount, note, merchant, paid_on, property_id, expense_type_id) values ('c29145b2-3321-4977-b1d1-49298530c900', '185.5', 'driveway stone', 'Bypass Mulch','2023-08-11','10a3fd1f-7a26-4ec5-9e13-5837eb74d9af','a801d25b-7f31-4782-b9a2-84cd78bdde71');
insert into expenses (id, amount, note, merchant, paid_on, property_id, expense_type_id) values ('36c46fe4-3c81-460f-8133-417612fb1b29', '3450.0', 'plumbing/masonry repairs', 'Danielson','2023-02-17','f6e2bc56-d5bf-43eb-baf4-1ce4e9b453c7','c735181f-05a6-4c69-9988-4c9eeea6f4e9');
insert into expenses (id, amount, note, merchant, paid_on, property_id, expense_type_id) values ('bba0b3d7-878d-492d-9865-920b930e4212', '267.5', '', 'Danielson','2023-02-17','10a3fd1f-7a26-4ec5-9e13-5837eb74d9af','c735181f-05a6-4c69-9988-4c9eeea6f4e9');
insert into expenses (id, amount, note, merchant, paid_on, property_id, expense_type_id) values ('f980adee-72e5-4360-839d-176f8d67e5e9', '3627.0', 'new window deposit', 'Window World','2023-10-04','10a3fd1f-7a26-4ec5-9e13-5837eb74d9af','a801d25b-7f31-4782-b9a2-84cd78bdde71');
insert into expenses (id, amount, note, merchant, paid_on, property_id, expense_type_id) values ('51277925-71a4-458a-8a21-6e47a23b0d50', '112.54', '', 'water','2024-01-02','10a3fd1f-7a26-4ec5-9e13-5837eb74d9af','85586c4b-76c1-4829-aafe-182066911124');
insert into expenses (id, amount, note, merchant, paid_on, property_id, expense_type_id) values ('4e5f9a41-8d8d-4f9c-8d26-ea412f14a68f', '65.82', '', 'water','2023-11-29','10a3fd1f-7a26-4ec5-9e13-5837eb74d9af','85586c4b-76c1-4829-aafe-182066911124');
insert into expenses (id, amount, note, merchant, paid_on, property_id, expense_type_id) values ('7ef7a137-dec7-4158-8735-53d5e274ab48', '56.16', '', 'water','2023-10-31','10a3fd1f-7a26-4ec5-9e13-5837eb74d9af','85586c4b-76c1-4829-aafe-182066911124');
insert into expenses (id, amount, note, merchant, paid_on, property_id, expense_type_id) values ('3997c543-d5b6-4f07-a395-92dd465afde0', '1480.11', 'leaking toilet', 'water','2023-03-31','f6e2bc56-d5bf-43eb-baf4-1ce4e9b453c7','85586c4b-76c1-4829-aafe-182066911124');
insert into expenses (id, amount, note, merchant, paid_on, property_id, expense_type_id) values ('3dd1f885-1b93-4a8a-a05a-5dcb7a57e4a0', '17.5', '', 'water','2023-03-29','10a3fd1f-7a26-4ec5-9e13-5837eb74d9af','85586c4b-76c1-4829-aafe-182066911124');
insert into expenses (id, amount, note, merchant, paid_on, property_id, expense_type_id) values ('991b8b06-542b-4dd1-afa1-6e0dd1598339', '1148.21', 'leaking toilet', 'water','2023-02-28','f6e2bc56-d5bf-43eb-baf4-1ce4e9b453c7','85586c4b-76c1-4829-aafe-182066911124');
insert into expenses (id, amount, note, merchant, paid_on, property_id, expense_type_id) values ('cbf2b6f1-5642-4598-8683-d00070eab0a6', '18.64', '', 'water','2023-02-27','10a3fd1f-7a26-4ec5-9e13-5837eb74d9af','85586c4b-76c1-4829-aafe-182066911124');
insert into expenses (id, amount, note, merchant, paid_on, property_id, expense_type_id) values ('b3286365-5c24-4890-8c44-d983d8d240ff', '80.34', '', 'water','2023-04-28','10a3fd1f-7a26-4ec5-9e13-5837eb74d9af','85586c4b-76c1-4829-aafe-182066911124');
insert into expenses (id, amount, note, merchant, paid_on, property_id, expense_type_id) values ('384e14e9-de11-4b77-bda2-cf91ac6fd69c', '59.39', '', 'water','2023-05-26','f6e2bc56-d5bf-43eb-baf4-1ce4e9b453c7','85586c4b-76c1-4829-aafe-182066911124');
insert into expenses (id, amount, note, merchant, paid_on, property_id, expense_type_id) values ('0d21d8d6-b33f-45c1-9c22-77f8d7fa68b9', '65.83', '', 'water','2023-05-26','10a3fd1f-7a26-4ec5-9e13-5837eb74d9af','85586c4b-76c1-4829-aafe-182066911124');
insert into expenses (id, amount, note, merchant, paid_on, property_id, expense_type_id) values ('0ff1564e-eec3-45eb-a004-7b495bdee77c', '85.17', '', 'water','2023-06-29','10a3fd1f-7a26-4ec5-9e13-5837eb74d9af','85586c4b-76c1-4829-aafe-182066911124');
insert into expenses (id, amount, note, merchant, paid_on, property_id, expense_type_id) values ('cd61f3d7-5b65-4586-9d84-e542dfec0f55', '85.17', '', 'water','2023-06-29','f6e2bc56-d5bf-43eb-baf4-1ce4e9b453c7','85586c4b-76c1-4829-aafe-182066911124');
insert into expenses (id, amount, note, merchant, paid_on, property_id, expense_type_id) values ('40bb09a8-c8c2-48fa-b31b-1c5eafb1d0aa', '12.43', '', 'water','2023-07-14','f6e2bc56-d5bf-43eb-baf4-1ce4e9b453c7','85586c4b-76c1-4829-aafe-182066911124');
insert into expenses (id, amount, note, merchant, paid_on, property_id, expense_type_id) values ('7829ea1b-50cf-4dc3-b433-038cd1f38af1', '106.09', '', 'water','2023-07-31','10a3fd1f-7a26-4ec5-9e13-5837eb74d9af','85586c4b-76c1-4829-aafe-182066911124');
insert into expenses (id, amount, note, merchant, paid_on, property_id, expense_type_id) values ('fb2ea13f-40ce-42de-8467-7fcc3306e913', '56.16', '', 'water','2023-08-25','10a3fd1f-7a26-4ec5-9e13-5837eb74d9af','85586c4b-76c1-4829-aafe-182066911124');
insert into expenses (id, amount, note, merchant, paid_on, property_id, expense_type_id) values ('b2a51956-44d8-4635-a31e-f4cd48fe3c42', '270.9', '', 'WVSA','2024-01-07','10a3fd1f-7a26-4ec5-9e13-5837eb74d9af','85586c4b-76c1-4829-aafe-182066911124');
insert into expenses (id, amount, note, merchant, paid_on, property_id, expense_type_id) values ('423b28ee-db79-4757-affe-3d4d5f1c3688', '215.6', '', 'WVSA','2024-01-07','10a3fd1f-7a26-4ec5-9e13-5837eb74d9af','85586c4b-76c1-4829-aafe-182066911124');
insert into expenses (id, amount, note, merchant, paid_on, property_id, expense_type_id) values ('6e876f05-249d-4fde-8091-a2b6e366c1a1', '98.0', '', 'Sewer maintenance','2024-01-07','10a3fd1f-7a26-4ec5-9e13-5837eb74d9af','85586c4b-76c1-4829-aafe-182066911124');
insert into expenses (id, amount, note, merchant, paid_on, property_id, expense_type_id) values ('07854ec0-4bb8-464d-acbb-aeb675f33f18', '98.0', '', 'Sewer maintenance','2024-01-07','10a3fd1f-7a26-4ec5-9e13-5837eb74d9af','85586c4b-76c1-4829-aafe-182066911124');
insert into expenses (id, amount, note, merchant, paid_on, property_id, expense_type_id) values ('28508149-2508-4273-a66c-f5757774fce4', '75.27', '', 'Modern Gas','2024-01-07','10a3fd1f-7a26-4ec5-9e13-5837eb74d9af','85586c4b-76c1-4829-aafe-182066911124');
insert into expenses (id, amount, note, merchant, paid_on, property_id, expense_type_id) values ('2069d501-a06e-4ad6-a95f-2dd13c66ee04', '920.0', 'both', 'Garbage stickers','2024-01-07','10a3fd1f-7a26-4ec5-9e13-5837eb74d9af','85586c4b-76c1-4829-aafe-182066911124');
insert into expenses (id, amount, note, merchant, paid_on, property_id, expense_type_id) values ('ba96509b-8e71-4cb5-9156-ee5d9142b2b1', '64.94', '', 'water','2024-02-09','10a3fd1f-7a26-4ec5-9e13-5837eb74d9af','85586c4b-76c1-4829-aafe-182066911124');
insert into expenses (id, amount, note, merchant, paid_on, property_id, expense_type_id) values ('b917031e-db0f-4aa4-8c6a-06b73bf66b2e', '3627.0', 'replacement windows last payment', 'Window World','2024-01-18','10a3fd1f-7a26-4ec5-9e13-5837eb74d9af','a801d25b-7f31-4782-b9a2-84cd78bdde71');
insert into expenses (id, amount, note, merchant, paid_on, property_id, expense_type_id) values ('9bb86f17-7d34-4279-bff2-bc778f2b294b', '90.86', '', 'Aurora heating and cooling','2024-02-15','10a3fd1f-7a26-4ec5-9e13-5837eb74d9af','c735181f-05a6-4c69-9988-4c9eeea6f4e9');
insert into expenses (id, amount, note, merchant, paid_on, property_id, expense_type_id) values ('d6c00cfa-7740-4f49-b9e8-8d6dec8fb849', '404.0', '', 'RLI','2024-02-15','10a3fd1f-7a26-4ec5-9e13-5837eb74d9af','8ec745fd-17a0-434b-aa33-4fdc0ebfe552');
insert into expenses (id, amount, note, merchant, paid_on, property_id, expense_type_id) values ('3d67d1b3-d80f-42f2-9557-d0f27562f188', '45.38', 'blinds, cleaning supplies', 'Walmart','2024-02-11','10a3fd1f-7a26-4ec5-9e13-5837eb74d9af','105c79dd-ff18-40b7-a92e-1705c833de63');
insert into expenses (id, amount, note, merchant, paid_on, property_id, expense_type_id) values ('41c18eaf-fe62-4d36-9eef-91f7690419a1', '34.95', '', 'Driscolls','2024-02-11','10a3fd1f-7a26-4ec5-9e13-5837eb74d9af','c735181f-05a6-4c69-9988-4c9eeea6f4e9');
insert into expenses (id, amount, note, merchant, paid_on, property_id, expense_type_id) values ('160aa35c-c40f-4f2c-85d2-c431ca7cb8a5', '75.13', '', 'Lowes','2024-02-10','10a3fd1f-7a26-4ec5-9e13-5837eb74d9af','c735181f-05a6-4c69-9988-4c9eeea6f4e9');
insert into expenses (id, amount, note, merchant, paid_on, property_id, expense_type_id) values ('0d5a53ae-df63-488a-91a6-dd5ef9032d5f', '112.68', '', 'PPL','2024-03-18','10a3fd1f-7a26-4ec5-9e13-5837eb74d9af','85586c4b-76c1-4829-aafe-182066911124');
insert into expenses (id, amount, note, merchant, paid_on, property_id, expense_type_id) values ('575a2f48-bf61-4fec-b29a-d6eedcb1baef', '404.0', '', 'Danielson','2023-04-14','10a3fd1f-7a26-4ec5-9e13-5837eb74d9af','c735181f-05a6-4c69-9988-4c9eeea6f4e9');
insert into expenses (id, amount, note, merchant, paid_on, property_id, expense_type_id) values ('4c97713f-4190-4757-8eb1-75c547b37b47', '725.26', 'steps materials', 'Home Depot','2024-05-01','10a3fd1f-7a26-4ec5-9e13-5837eb74d9af','c735181f-05a6-4c69-9988-4c9eeea6f4e9');
insert into expenses (id, amount, note, merchant, paid_on, property_id, expense_type_id) values ('8c66be01-ff13-4d98-9784-6902bc20f2bf', '22.22', '', 'Home Depot','2024-05-02','10a3fd1f-7a26-4ec5-9e13-5837eb74d9af','c735181f-05a6-4c69-9988-4c9eeea6f4e9');
insert into expenses (id, amount, note, merchant, paid_on, property_id, expense_type_id) values ('7218f501-f53c-447c-9fa2-8a400a5b14f5', '76.09', '', 'Home Depot','2024-05-05','10a3fd1f-7a26-4ec5-9e13-5837eb74d9af','c735181f-05a6-4c69-9988-4c9eeea6f4e9');
insert into expenses (id, amount, note, merchant, paid_on, property_id, expense_type_id) values ('eb735853-e844-418b-b7c5-02bf34d2ff95', '40.12', '', 'Home Depot','2024-05-07','10a3fd1f-7a26-4ec5-9e13-5837eb74d9af','c735181f-05a6-4c69-9988-4c9eeea6f4e9');
insert into expenses (id, amount, note, merchant, paid_on, property_id, expense_type_id) values ('8b713dcd-da32-4eda-96f0-9f5f5756a6bf', '99.49', '', 'water','2024-03-27','10a3fd1f-7a26-4ec5-9e13-5837eb74d9af','85586c4b-76c1-4829-aafe-182066911124');
insert into expenses (id, amount, note, merchant, paid_on, property_id, expense_type_id) values ('ca61256f-4572-4769-9636-a0fa3ae19a55', '85.54', '', 'water','2024-04-25','10a3fd1f-7a26-4ec5-9e13-5837eb74d9af','85586c4b-76c1-4829-aafe-182066911124');
insert into expenses (id, amount, note, merchant, paid_on, property_id, expense_type_id) values ('03e69410-8458-41be-9f33-a395cc713a91', '250.08', '', 'Aurora heating and cooling','2024-05-21','10a3fd1f-7a26-4ec5-9e13-5837eb74d9af','c735181f-05a6-4c69-9988-4c9eeea6f4e9');
insert into expenses (id, amount, note, merchant, paid_on, property_id, expense_type_id) values ('78d72849-ec03-4558-b13d-0bed39384e1f', '328.61', 'lost receipt', 'Bedford Fuel Service','2024-05-03','10a3fd1f-7a26-4ec5-9e13-5837eb74d9af','85586c4b-76c1-4829-aafe-182066911124');
insert into expenses (id, amount, note, merchant, paid_on, property_id, expense_type_id) values ('3f21572e-cfba-4dff-ab56-c8ac30508fd9', '2044.0', '', 'Steadily Insurance','2024-04-16','10a3fd1f-7a26-4ec5-9e13-5837eb74d9af','8ec745fd-17a0-434b-aa33-4fdc0ebfe552');
insert into expenses (id, amount, note, merchant, paid_on, property_id, expense_type_id) values ('cf51e7ad-0f1f-43b3-b67b-8c7cb1aa989e', '51.31', '', 'Lowes','2024-05-04','10a3fd1f-7a26-4ec5-9e13-5837eb74d9af','c735181f-05a6-4c69-9988-4c9eeea6f4e9');
insert into expenses (id, amount, note, merchant, paid_on, property_id, expense_type_id) values ('d82c1fdb-b8d5-424b-a393-7d93a3d3d980', '52.97', '', 'Harbor Freight','2024-05-07','10a3fd1f-7a26-4ec5-9e13-5837eb74d9af','c735181f-05a6-4c69-9988-4c9eeea6f4e9');
insert into expenses (id, amount, note, merchant, paid_on, property_id, expense_type_id) values ('89437330-a4b9-4d95-ac3b-5838da7144b7', '551.47', '', 'Oley Industries Concrete','2024-05-07','10a3fd1f-7a26-4ec5-9e13-5837eb74d9af','c735181f-05a6-4c69-9988-4c9eeea6f4e9');
insert into expenses (id, amount, note, merchant, paid_on, property_id, expense_type_id) values ('0fe515ba-2ba0-407a-8b73-b4913186b32e', '107.03', '', 'water','2024-10-25','10a3fd1f-7a26-4ec5-9e13-5837eb74d9af','85586c4b-76c1-4829-aafe-182066911124');
insert into expenses (id, amount, note, merchant, paid_on, property_id, expense_type_id) values ('62b3c801-c639-47b3-b462-f7b61061fe13', '0.0', '', 'water','2024-09-27','10a3fd1f-7a26-4ec5-9e13-5837eb74d9af','85586c4b-76c1-4829-aafe-182066911124');
insert into expenses (id, amount, note, merchant, paid_on, property_id, expense_type_id) values ('f976360e-53ab-42ae-9740-12aa3100de61', '0.0', '108.99', 'water','2024-09-27','10a3fd1f-7a26-4ec5-9e13-5837eb74d9af','85586c4b-76c1-4829-aafe-182066911124');
insert into expenses (id, amount, note, merchant, paid_on, property_id, expense_type_id) values ('0e07bc3c-ac40-437b-9118-0ba5ad0a1274', '95.26', '', 'water','2024-06-27','10a3fd1f-7a26-4ec5-9e13-5837eb74d9af','85586c4b-76c1-4829-aafe-182066911124');
insert into expenses (id, amount, note, merchant, paid_on, property_id, expense_type_id) values ('97eacf32-7a33-47a6-ae77-089d46dde98e', '88.58', '', 'water','2024-07-25','10a3fd1f-7a26-4ec5-9e13-5837eb74d9af','85586c4b-76c1-4829-aafe-182066911124');
insert into expenses (id, amount, note, merchant, paid_on, property_id, expense_type_id) values ('5542005d-61a2-4f42-b0f0-5ed697f81f03', '93.64', '', 'Water','2024-05-28','10a3fd1f-7a26-4ec5-9e13-5837eb74d9af','85586c4b-76c1-4829-aafe-182066911124');
insert into expenses (id, amount, note, merchant, paid_on, property_id, expense_type_id) values ('cc0dc217-9ebc-4444-b666-8ada95084e68', '29.14', '', 'Lowes','2024-09-02','10a3fd1f-7a26-4ec5-9e13-5837eb74d9af','105c79dd-ff18-40b7-a92e-1705c833de63');
insert into expenses (id, amount, note, merchant, paid_on, property_id, expense_type_id) values ('cf98c41e-cc3f-486d-9a81-a31d7a5dbb33', '464.87', '', 'Lowes','2024-06-01','10a3fd1f-7a26-4ec5-9e13-5837eb74d9af','c735181f-05a6-4c69-9988-4c9eeea6f4e9');
insert into expenses (id, amount, note, merchant, paid_on, property_id, expense_type_id) values ('a4c1d3fc-86e6-4b0b-bd01-896246e01c70', '58.63', '', 'Home Depot','2024-06-05','10a3fd1f-7a26-4ec5-9e13-5837eb74d9af','c735181f-05a6-4c69-9988-4c9eeea6f4e9');
insert into expenses (id, amount, note, merchant, paid_on, property_id, expense_type_id) values ('c424127b-2da8-4441-911f-7082f0927235', '62.88', '', 'Lowes','2024-06-04','10a3fd1f-7a26-4ec5-9e13-5837eb74d9af','c735181f-05a6-4c69-9988-4c9eeea6f4e9');
insert into expenses (id, amount, note, merchant, paid_on, property_id, expense_type_id) values ('22e6b78d-df0d-4563-bec1-00652d982cdc', '164.89', '', 'Lowes','2024-06-19','10a3fd1f-7a26-4ec5-9e13-5837eb74d9af','c735181f-05a6-4c69-9988-4c9eeea6f4e9');
insert into expenses (id, amount, note, merchant, paid_on, property_id, expense_type_id) values ('bfd0256b-add5-42eb-8f5b-8136d551df9e', '1768.0', 'sidewalks', 'Oley Industries Concrete','2024-05-31','10a3fd1f-7a26-4ec5-9e13-5837eb74d9af','c735181f-05a6-4c69-9988-4c9eeea6f4e9');
insert into expenses (id, amount, note, merchant, paid_on, property_id, expense_type_id) values ('c8d20c1e-4a16-4615-9797-e325a33c39b4', '96.11', '', 'Lowes','2024-06-03','10a3fd1f-7a26-4ec5-9e13-5837eb74d9af','c735181f-05a6-4c69-9988-4c9eeea6f4e9');
insert into expenses (id, amount, note, merchant, paid_on, property_id, expense_type_id) values ('6adaa868-9f6f-4e10-800e-1500ff0bdafd', '117.75', '', 'Lowes','2024-06-06','10a3fd1f-7a26-4ec5-9e13-5837eb74d9af','c735181f-05a6-4c69-9988-4c9eeea6f4e9');
insert into expenses (id, amount, note, merchant, paid_on, property_id, expense_type_id) values ('e33ac295-15dd-42bf-a5b4-937afdae8335', '67.89', '', 'Lowes','2024-05-25','10a3fd1f-7a26-4ec5-9e13-5837eb74d9af','c735181f-05a6-4c69-9988-4c9eeea6f4e9');
insert into expenses (id, amount, note, merchant, paid_on, property_id, expense_type_id) values ('cc153224-50b0-43bd-87e7-756f235f43c1', '34.08', '', 'Modern Gas','2024-05-06','10a3fd1f-7a26-4ec5-9e13-5837eb74d9af','85586c4b-76c1-4829-aafe-182066911124');
insert into expenses (id, amount, note, merchant, paid_on, property_id, expense_type_id) values ('6b3314a6-f614-41d4-9b67-5a300e6040a2', '50.0', 'permit for sidewalks', 'Jenkins Township','2024-05-30','10a3fd1f-7a26-4ec5-9e13-5837eb74d9af','3fe8f8b0-608e-4ab7-bf69-747e63a8ce2d');
insert into expenses (id, amount, note, merchant, paid_on, property_id, expense_type_id) values ('02dce2fe-0eea-4c88-9907-a43b79b19850', '13.77', '', '415 Hardware','2024-06-03','10a3fd1f-7a26-4ec5-9e13-5837eb74d9af','c735181f-05a6-4c69-9988-4c9eeea6f4e9');
insert into expenses (id, amount, note, merchant, paid_on, property_id, expense_type_id) values ('29bd6b8f-1fe3-4e94-b6de-6a6ba1c9062f', '70.0', 'permit for steps', 'Jenkins Township','2024-04-24','10a3fd1f-7a26-4ec5-9e13-5837eb74d9af','3fe8f8b0-608e-4ab7-bf69-747e63a8ce2d');
insert into expenses (id, amount, note, merchant, paid_on, property_id, expense_type_id) values ('366144c1-05f9-4005-a0fa-97776365fdcd', '113.53', '', 'Lowes','2024-06-19','10a3fd1f-7a26-4ec5-9e13-5837eb74d9af','c735181f-05a6-4c69-9988-4c9eeea6f4e9');
insert into expenses (id, amount, note, merchant, paid_on, property_id, expense_type_id) values ('d844b99b-3b77-4760-823c-4dbc7f0afbc3', '12720.0', 'total for unfinished steps', 'Scott Brown','2024-06-04','10a3fd1f-7a26-4ec5-9e13-5837eb74d9af','c735181f-05a6-4c69-9988-4c9eeea6f4e9');
insert into expenses (id, amount, note, merchant, paid_on, property_id, expense_type_id) values ('5f0f9a6b-4eab-473a-9295-abf4b5d5e30c', '1000.0', '', 'Danielson','2024-07-29','10a3fd1f-7a26-4ec5-9e13-5837eb74d9af','c735181f-05a6-4c69-9988-4c9eeea6f4e9');
insert into expenses (id, amount, note, merchant, paid_on, property_id, expense_type_id) values ('10d70249-2282-4ccc-8c42-15780b2a85ca', '7000.0', '', 'Danielson','2024-07-29','10a3fd1f-7a26-4ec5-9e13-5837eb74d9af','c735181f-05a6-4c69-9988-4c9eeea6f4e9');
insert into expenses (id, amount, note, merchant, paid_on, property_id, expense_type_id) values ('1615ab83-92c4-47c1-a7ab-c780e4397c18', '122.05', '', 'water','2025-01-28','10a3fd1f-7a26-4ec5-9e13-5837eb74d9af','85586c4b-76c1-4829-aafe-182066911124');
insert into expenses (id, amount, note, merchant, paid_on, property_id, expense_type_id) values ('94b8af69-c684-4334-b78e-31d4d14c7b4c', '114.54', '', 'water','2024-12-26','10a3fd1f-7a26-4ec5-9e13-5837eb74d9af','85586c4b-76c1-4829-aafe-182066911124');
insert into expenses (id, amount, note, merchant, paid_on, property_id, expense_type_id) values ('ac3fce27-57db-4f2a-886c-737c980d3736', '420.0', 'garbage sticker', 'Jenkins Township','2025-02-07','10a3fd1f-7a26-4ec5-9e13-5837eb74d9af','85586c4b-76c1-4829-aafe-182066911124');
insert into expenses (id, amount, note, merchant, paid_on, property_id, expense_type_id) values ('6c5a950d-e444-4d3f-8472-7ba6d51cdfaf', '420.0', 'garbage sticker', 'Jenkins Township','2025-02-07','10a3fd1f-7a26-4ec5-9e13-5837eb74d9af','85586c4b-76c1-4829-aafe-182066911124');
insert into expenses (id, amount, note, merchant, paid_on, property_id, expense_type_id) values ('59db46c3-1a41-402e-b8ca-f85b5eae8e42', '101.0', '', 'Danielson','2025-01-07','10a3fd1f-7a26-4ec5-9e13-5837eb74d9af','105c79dd-ff18-40b7-a92e-1705c833de63');
insert into expenses (id, amount, note, merchant, paid_on, property_id, expense_type_id) values ('8a05d1d4-96f2-4a5d-849a-7834ce533124', '90.0', '', 'Jenkins Township sewer maintenance','2025-02-17','10a3fd1f-7a26-4ec5-9e13-5837eb74d9af','85586c4b-76c1-4829-aafe-182066911124');
insert into expenses (id, amount, note, merchant, paid_on, property_id, expense_type_id) values ('bb79e17f-ef84-429b-8ae2-28bd997d3b41', '98.0', '', 'Jenkins Township sewer maintenance','2025-02-17','10a3fd1f-7a26-4ec5-9e13-5837eb74d9af','85586c4b-76c1-4829-aafe-182066911124');
insert into expenses (id, amount, note, merchant, paid_on, property_id, expense_type_id) values ('87358fbd-68c3-4a07-86a6-6e49d1a98dfd', '215.6', '', 'WVSA','2025-02-17','10a3fd1f-7a26-4ec5-9e13-5837eb74d9af','85586c4b-76c1-4829-aafe-182066911124');
insert into expenses (id, amount, note, merchant, paid_on, property_id, expense_type_id) values ('637fba13-175c-400d-a410-035053ae01b7', '270.9', '', 'WVSA','2025-02-17','10a3fd1f-7a26-4ec5-9e13-5837eb74d9af','85586c4b-76c1-4829-aafe-182066911124');
insert into expenses (id, amount, note, merchant, paid_on, property_id, expense_type_id) values ('2275af77-f805-458f-a131-85e56d226cca', '428.0', 'umbrella policy renewal', 'RLI Insurance','2025-02-14','10a3fd1f-7a26-4ec5-9e13-5837eb74d9af','8ec745fd-17a0-434b-aa33-4fdc0ebfe552');
insert into expenses (id, amount, note, merchant, paid_on, property_id, expense_type_id) values ('ef9d3911-8496-4166-b302-711b1fbf7cde', '116.41', '', 'water','2025-02-27','10a3fd1f-7a26-4ec5-9e13-5837eb74d9af','85586c4b-76c1-4829-aafe-182066911124');
insert into expenses (id, amount, note, merchant, paid_on, property_id, expense_type_id) values ('58f9a8e5-345b-4bc9-9435-815ed0c38234', '520.42', '', 'Jenkins Township','2025-03-02','10a3fd1f-7a26-4ec5-9e13-5837eb74d9af','914fdfc1-c8c9-4289-af59-b3d66c4110d8');
insert into expenses (id, amount, note, merchant, paid_on, property_id, expense_type_id) values ('d8d16f07-1bb7-4107-bd80-22cec0522140', '21.13', '', 'Lowes','2024-06-11','10a3fd1f-7a26-4ec5-9e13-5837eb74d9af','c735181f-05a6-4c69-9988-4c9eeea6f4e9');
insert into expenses (id, amount, note, merchant, paid_on, property_id, expense_type_id) values ('2049cb09-80fb-4545-ace6-9ac4f5a9fa64', '1021.26', 'property tax', 'jenkins township','2025-08-01','10a3fd1f-7a26-4ec5-9e13-5837eb74d9af','914fdfc1-c8c9-4289-af59-b3d66c4110d8');
insert into expenses (id, amount, note, merchant, paid_on, property_id, expense_type_id) values ('bb0b3174-c3b6-4358-a669-1ffced6f80bc', '1011.84', '', 'pa american water','2025-08-01','10a3fd1f-7a26-4ec5-9e13-5837eb74d9af','85586c4b-76c1-4829-aafe-182066911124');
insert into expenses (id, amount, note, merchant, paid_on, property_id, expense_type_id) values ('e6b6cc92-d76a-406f-a63b-a13599934d63', '377.35', '', 'pa american water','2025-06-27','10a3fd1f-7a26-4ec5-9e13-5837eb74d9af','85586c4b-76c1-4829-aafe-182066911124');
insert into expenses (id, amount, note, merchant, paid_on, property_id, expense_type_id) values ('a7ab0cb4-bff1-4ad4-aaf6-e30637012a3a', '108.91', '', 'pa american water','2025-05-28','10a3fd1f-7a26-4ec5-9e13-5837eb74d9af','85586c4b-76c1-4829-aafe-182066911124');
insert into expenses (id, amount, note, merchant, paid_on, property_id, expense_type_id) values ('5575200b-f65d-4563-9183-f668b0053149', '95.77', '', 'pa american water','2025-03-28','10a3fd1f-7a26-4ec5-9e13-5837eb74d9af','85586c4b-76c1-4829-aafe-182066911124');
insert into expenses (id, amount, note, merchant, paid_on, property_id, expense_type_id) values ('ee39aaf5-e622-49e1-b06c-82cd32f97bb5', '72.13', '', 'Lowes','2025-06-28','10a3fd1f-7a26-4ec5-9e13-5837eb74d9af','c735181f-05a6-4c69-9988-4c9eeea6f4e9');
insert into expenses (id, amount, note, merchant, paid_on, property_id, expense_type_id) values ('5c708a4e-9fd3-4fcf-9e4d-a66063205bb8', '51.35', '', 'Sherwin Williams','2025-06-28','10a3fd1f-7a26-4ec5-9e13-5837eb74d9af','3fe8f8b0-608e-4ab7-bf69-747e63a8ce2d');
insert into expenses (id, amount, note, merchant, paid_on, property_id, expense_type_id) values ('104075a8-a15f-4750-9f5e-224c10b115fe', '24.02', '', 'Home Depot','2025-03-30','10a3fd1f-7a26-4ec5-9e13-5837eb74d9af','c735181f-05a6-4c69-9988-4c9eeea6f4e9');
insert into expenses (id, amount, note, merchant, paid_on, property_id, expense_type_id) values ('7bf8735e-65aa-4f45-b530-76930b112e35', '8.9', 'certified letter for non-renewal', 'USPS','2025-08-08','10a3fd1f-7a26-4ec5-9e13-5837eb74d9af','3fe8f8b0-608e-4ab7-bf69-747e63a8ce2d');
insert into expenses (id, amount, note, merchant, paid_on, property_id, expense_type_id) values ('e7537c48-200e-456c-b141-525ccc57ec8a', '154.23', '', 'Lowes','2025-03-17','10a3fd1f-7a26-4ec5-9e13-5837eb74d9af','c735181f-05a6-4c69-9988-4c9eeea6f4e9');
insert into expenses (id, amount, note, merchant, paid_on, property_id, expense_type_id) values ('2689ab6a-c47c-4865-b316-a57270fd6251', '41.25', '', 'Lowes','2025-06-06','10a3fd1f-7a26-4ec5-9e13-5837eb74d9af','c735181f-05a6-4c69-9988-4c9eeea6f4e9');
insert into expenses (id, amount, note, merchant, paid_on, property_id, expense_type_id) values ('1268bd77-1d0c-464d-936d-5adb16c8f986', '215.48', '', 'lowes','2025-07-03','10a3fd1f-7a26-4ec5-9e13-5837eb74d9af','c735181f-05a6-4c69-9988-4c9eeea6f4e9');
insert into expenses (id, amount, note, merchant, paid_on, property_id, expense_type_id) values ('f3a2eb67-b469-45e9-b915-bc6d659f5e4c', '30.13', '', 'lowes','2025-03-15','10a3fd1f-7a26-4ec5-9e13-5837eb74d9af','c735181f-05a6-4c69-9988-4c9eeea6f4e9');
insert into expenses (id, amount, note, merchant, paid_on, property_id, expense_type_id) values ('e6a695fc-086e-4755-a802-1ff1c8a7e6f4', '129.78', '', 'lowes','2025-03-29','10a3fd1f-7a26-4ec5-9e13-5837eb74d9af','c735181f-05a6-4c69-9988-4c9eeea6f4e9');
insert into expenses (id, amount, note, merchant, paid_on, property_id, expense_type_id) values ('c0500ac9-e330-4f87-be03-4916cf6a9039', '14.81', '', 'Home depot','2025-06-28','10a3fd1f-7a26-4ec5-9e13-5837eb74d9af','c735181f-05a6-4c69-9988-4c9eeea6f4e9');
insert into expenses (id, amount, note, merchant, paid_on, property_id, expense_type_id) values ('ff762237-70cf-4873-95b5-2e8ab8dfeeed', '91.1', '', 'Lowes','2025-07-06','10a3fd1f-7a26-4ec5-9e13-5837eb74d9af','c735181f-05a6-4c69-9988-4c9eeea6f4e9');
insert into expenses (id, amount, note, merchant, paid_on, property_id, expense_type_id) values ('e44cf89e-7495-46dc-b922-15593558d865', '170.75', '', 'lowes','2025-08-05','10a3fd1f-7a26-4ec5-9e13-5837eb74d9af','c735181f-05a6-4c69-9988-4c9eeea6f4e9');
insert into expenses (id, amount, note, merchant, paid_on, property_id, expense_type_id) values ('f4e810a6-ff4d-4d09-bc58-44638ad38bc3', '9.51', '', 'Home Depot','2025-04-26','10a3fd1f-7a26-4ec5-9e13-5837eb74d9af','105c79dd-ff18-40b7-a92e-1705c833de63');
insert into expenses (id, amount, note, merchant, paid_on, property_id, expense_type_id) values ('14cd0af9-1479-4ae3-8774-c9e779ae5c98', '87.26', '', 'lowes','2025-07-19','10a3fd1f-7a26-4ec5-9e13-5837eb74d9af','c735181f-05a6-4c69-9988-4c9eeea6f4e9');
insert into expenses (id, amount, note, merchant, paid_on, property_id, expense_type_id) values ('e6336b7f-8542-4934-86e2-17ab9797a6ab', '87.26', '', 'Lowes','2025-07-19','10a3fd1f-7a26-4ec5-9e13-5837eb74d9af','c735181f-05a6-4c69-9988-4c9eeea6f4e9');
insert into expenses (id, amount, note, merchant, paid_on, property_id, expense_type_id) values ('6b664a35-253f-45a0-9117-1c075720e0f5', '59.22', '', 'Home Depot','2025-08-23','10a3fd1f-7a26-4ec5-9e13-5837eb74d9af','c735181f-05a6-4c69-9988-4c9eeea6f4e9');
insert into expenses (id, amount, note, merchant, paid_on, property_id, expense_type_id) values ('1fcbf4e9-2ba6-4b54-baf7-650fe33184a3', '214.81', '', 'lowes','2025-08-24','10a3fd1f-7a26-4ec5-9e13-5837eb74d9af','c735181f-05a6-4c69-9988-4c9eeea6f4e9');
insert into expenses (id, amount, note, merchant, paid_on, property_id, expense_type_id) values ('66c45901-2018-4212-bfc1-7656affea685', '6.53', '', 'lowes','2025-06-01','10a3fd1f-7a26-4ec5-9e13-5837eb74d9af','c735181f-05a6-4c69-9988-4c9eeea6f4e9');
insert into expenses (id, amount, note, merchant, paid_on, property_id, expense_type_id) values ('9d02fa23-bf61-4e3c-adac-15e560aac586', '15.6', 'stamps', 'USPS','2025-08-07','10a3fd1f-7a26-4ec5-9e13-5837eb74d9af','3fe8f8b0-608e-4ab7-bf69-747e63a8ce2d');
insert into expenses (id, amount, note, merchant, paid_on, property_id, expense_type_id) values ('7c88bce9-de01-4c06-93f1-bafe5531bc8a', '19.03', '', 'home depot','2025-08-06','10a3fd1f-7a26-4ec5-9e13-5837eb74d9af','c735181f-05a6-4c69-9988-4c9eeea6f4e9');
insert into expenses (id, amount, note, merchant, paid_on, property_id, expense_type_id) values ('8556428e-4e3a-4495-b52c-d90d99f45b47', '44.92', '', 'lowes','2025-07-05','10a3fd1f-7a26-4ec5-9e13-5837eb74d9af','c735181f-05a6-4c69-9988-4c9eeea6f4e9');
insert into expenses (id, amount, note, merchant, paid_on, property_id, expense_type_id) values ('26090330-83eb-4a6c-b3d4-d1412fca2e59', '44.52', '', 'lowes','2025-08-16','10a3fd1f-7a26-4ec5-9e13-5837eb74d9af','c735181f-05a6-4c69-9988-4c9eeea6f4e9');
insert into expenses (id, amount, note, merchant, paid_on, property_id, expense_type_id) values ('37cef6f4-b4ae-4064-8ea9-7e4390b7700b', '111.94', '', 'lowes','2025-07-05','10a3fd1f-7a26-4ec5-9e13-5837eb74d9af','c735181f-05a6-4c69-9988-4c9eeea6f4e9');
insert into expenses (id, amount, note, merchant, paid_on, property_id, expense_type_id) values ('244362e2-48e7-45e6-8ed4-dc85d9669f3e', '30.19', '', 'lowes','2025-04-06','10a3fd1f-7a26-4ec5-9e13-5837eb74d9af','c735181f-05a6-4c69-9988-4c9eeea6f4e9');
